city,state,latitude,longitude
Abbeville,AL,31.5702088,-85.2503315
Alabaster,AL,33.2442813,-86.8163773
Altoona,AL,34.025609,-86.3258835
Andalusia,AL,31.3080607,-86.482424
Ashford,AL,31.1838319,-85.2358439
Atmore,AL,31.0237921,-87.4938708
Bessemer,AL,33.4017766,-86.954437
Birmingham,AL,33.5206824,-86.8024326
Boaz,AL,34.1983281,-86.1649421
Brent,AL,32.9373463,-87.1647184
Brewton,AL,31.1039239,-87.0722655
Brundidge,AL,31.7201615,-85.8160567
Calera,AL,33.1035045,-86.7505733
Centre,AL,34.1520406,-85.6788531
Childersburg,AL,33.2781686,-86.3549774
Clanton,AL,32.8392013,-86.6309229
Cottondale,AL,33.1895629,-87.4516703
Courtland,AL,34.6689794,-87.3094649
Creola,AL,30.8918509,-88.0397213
Cullman,AL,34.1748408,-86.8435802
Cusseta,AL,32.7848521,-85.3057779
Daleville,AL,31.3101719,-85.7129908
Decatur,AL,34.6060203,-86.9838165
Demopolis,AL,32.5178284,-87.8368201
Dothan,AL,31.2237285,-85.3934375
Eastaboga,AL,33.6059367,-86.0213587
Enterprise,AL,31.3151708,-85.8552161
Eutaw,AL,32.8406848,-87.8875144
Evergreen,AL,31.4334994,-86.9569176
Fackler,AL,34.7925827,-85.9099775
Falkville,AL,34.3684295,-86.908616
Foley,AL,30.4065868,-87.6835974
Fort Payne,AL,34.4442547,-85.7196893
Gadsden,AL,34.0128323,-86.0030251
Gordon,AL,31.1412918,-85.0965965
Grand Bay,AL,30.4763084,-88.3422303
Grove Hill,AL,31.7087562,-87.7778628
Hamilton,AL,34.1420861,-87.9890206
Hanceville,AL,34.0623275,-86.7627004
Hartford,AL,31.1019671,-85.6977651
Headland,AL,31.351284,-85.3421559
Heflin,AL,33.6489948,-85.5874584
Hope Hull,AL,32.2698632,-86.3571916
Huntsville,AL,34.729847,-86.5859011
Irvington,AL,30.5068623,-88.2338925
Jackson,AL,31.5090521,-87.8944435
Jasper,AL,33.8312185,-87.2775053
Jemison,AL,32.9596424,-86.7452105
Knoxville,AL,33.5917715,-85.8971885
Lincoln,AL,33.6131588,-86.1183061
Lineville,AL,33.3106696,-85.7544051
Livingston,AL,32.5841595,-88.1872828
Loxley,AL,30.6182476,-87.7530454
Lynn,AL,34.0470483,-87.54974
Madison,AL,34.6928726,-86.7511427
Maplesville,AL,32.7884608,-86.8716549
Mc Calla,AL,33.348723,-87.0141602
Millbrook,AL,32.4798575,-86.3619163
Mobile,AL,30.6913462,-88.0437509
Monroeville,AL,31.5278224,-87.3246325
Montgomery,AL,32.3777111,-86.3090775
Moody,AL,33.5909365,-86.4908168
Moulton,AL,34.4817816,-87.2919449
Mount Vernon,AL,31.0851775,-88.0133325
Northport,AL,33.2292976,-87.5771286
Opelika,AL,32.6454116,-85.3782795
Oxford,AL,33.6149211,-85.8339391
Ozark,AL,31.4584764,-85.6405865
Pelham,AL,33.285669,-86.8099884
Pell City,AL,33.5862149,-86.2860888
Pennington,AL,32.2070888,-88.0561287
Phenix City,AL,32.4709761,-85.0007653
Prattville,AL,32.4600136,-86.4753174
Robertsdale,AL,30.5552959,-87.7109526
SAMSON,AL,31.1108931,-86.0476302
Saraland,AL,30.820742,-88.0705556
Satsuma,AL,30.853241,-88.0561106
Scottsboro,AL,34.6731323,-86.0338765
Selma,AL,32.4078632,-87.0207473
Shorter,AL,32.3948615,-85.916902
Smiths Station,AL,32.5401394,-85.0985474
Steele,AL,33.9398202,-86.2016435
Sylacauga,AL,33.170482,-86.2514099
Theodore,AL,30.5476941,-88.1752796
Thomasville,AL,31.9134859,-87.7358367
Troy,AL,31.8087678,-85.969951
Tuscaloosa,AL,33.2095614,-87.5675258
Tuscumbia,AL,34.7318811,-87.7028627
Tuskegee,AL,32.4240535,-85.6908715
Valley,AL,32.8187406,-85.1793852
Vance,AL,33.1742847,-87.2336092
Warrior,AL,33.8142682,-86.8094394
Wetumpka,AL,32.5378668,-86.2045442
Winfield,AL,33.9281866,-87.8163017
Alma,AR,35.4778653,-94.2218752
Arkadelphia,AR,34.1209292,-93.053784
Ashdown,AR,33.67344,-94.1299625
Atkins,AR,35.2450217,-92.937615
Bald Knob,AR,35.3100919,-91.5671898
Batesville,AR,35.7708144,-91.6531128
Beebe,AR,35.0735738,-91.8863516
Benton,AR,34.5645372,-92.586828
Black Rock,AR,36.1088761,-91.0982824
Blytheville,AR,35.9283249,-89.9045612
Boles,AR,34.7795459,-94.0490959
Brinkley,AR,34.8878719,-91.1945688
Bryant,AR,34.5959045,-92.488348
Cabot,AR,34.974532,-92.0165336
Carlisle,AR,34.7831469,-91.7465235
Cave City,AR,35.9401748,-91.5480777
Clarksville,AR,35.4713108,-93.4664819
Clinton,AR,35.5928879,-92.4573348
Conway,AR,35.0891932,-92.4398402
Corning,AR,36.4092192,-90.5831267
Dumas,AR,33.8875297,-91.4920132
Earle,AR,35.270644,-90.4657018
El Dorado,AR,33.2115087,-92.6650144
Fayetteville,AR,36.0625843,-94.1574328
Forrest City,AR,35.0081474,-90.7898342
Fort Smith,AR,35.3880338,-94.4265011
Gassville,AR,36.2831238,-92.4940505
Greenbrier,AR,35.2339274,-92.3877837
Gurdon,AR,33.9182285,-93.1488168
Hardy,AR,36.3158994,-91.4826388
Harrison,AR,36.2297936,-93.1076765
Hazen,AR,34.7813665,-91.5789815
Hensley,AR,34.5053723,-92.2057037
Hot Springs National Park,AR,34.5290712,-93.0301402
Huntsville,AR,36.0884253,-93.7375258
Jacksonville,AR,34.8662005,-92.1101458
Jonesboro,AR,35.8348088,-90.7045297
Lake City,AR,35.8180165,-90.4346778
Lake Village,AR,33.3294799,-91.2850584
Little Rock,AR,34.7465071,-92.2896267
Lonoke,AR,34.7823865,-91.9018905
Lowell,AR,36.2553543,-94.1307587
Magnolia,AR,33.2670725,-93.2393341
Malvern,AR,34.3625823,-92.8092694
Mansfield,AR,35.0597255,-94.2488561
Marion,AR,35.2129831,-90.19498
Maumelle,AR,34.856613,-92.4056858
Mc Crory,AR,35.2561979,-91.2001246
Morrilton,AR,35.154026,-92.7429266
Mulberry,AR,35.5006417,-94.0515919
Newport,AR,35.6067154,-91.2830334
North Little Rock,AR,34.769536,-92.2670941
Osceola,AR,35.7050778,-89.969532
Ozark,AR,35.4888029,-93.831516
Palestine,AR,34.9719871,-90.9035586
Pine Bluff,AR,34.2228884,-92.004334
Pocahontas,AR,36.2612154,-90.9711021
Portia,AR,36.0864888,-91.0671942
Prescott,AR,33.8026107,-93.3810057
Rogers,AR,36.334857,-94.1193816
Russellville,AR,35.2784173,-93.1337856
Searcy,AR,35.2506406,-91.7362488
Sheridan,AR,34.3100971,-92.4013484
Springdale,AR,36.1867442,-94.1288142
Stuttgart,AR,34.5003748,-91.5526281
Texarkana,AR,33.4254259,-94.0430937
Trumann,AR,35.6728822,-90.5069406
Turrell,AR,35.3765218,-90.2568406
Warren,AR,33.6126086,-92.0645831
West Helena,AR,34.5440124,-90.6426195
West Memphis,AR,35.1464797,-90.1845388
Wheatley,AR,34.9136996,-91.109501
White Hall,AR,34.2752744,-92.0917001
Widener,AR,35.0231679,-90.6835441
Apache Junction,AZ,33.4150485,-111.549577
Ash Fork,AZ,35.224303,-112.483968
Avondale,AZ,33.4434533,-112.3045385
Bellemont,AZ,35.2373443,-111.820629
Benson,AZ,31.9679895,-110.2943314
Bowie,AZ,32.3262613,-109.4870141
Buckeye,AZ,33.3703197,-112.583776
Chandler,AZ,33.3062031,-111.841185
Claypool,AZ,33.4111659,-110.8426113
Dewey,AZ,34.5297551,-112.2421149
Ehrenberg,AZ,33.6079331,-114.5197958
Eloy,AZ,32.7551703,-111.553493
Flagstaff,AZ,35.1987522,-111.651822
Gila Bend,AZ,32.9476184,-112.7144993
Glendale,AZ,33.5386858,-112.185994
Globe,AZ,33.3959139,-110.7871744
Holbrook,AZ,34.9037105,-110.1593261
Joseph City,AZ,34.9558585,-110.3339982
Kingman,AZ,35.1895921,-114.0532996
Lake Havasu City,AZ,34.4755537,-114.3285898
Litchfield Park,AZ,33.4933796,-112.358124
Littlefield,AZ,36.8842836,-113.9363361
Lupton,AZ,35.3539127,-109.053701
Marana,AZ,32.4483736,-111.211475
Mayer,AZ,34.3978054,-112.236273
Mesa,AZ,33.4151005,-111.831455
Nogales,AZ,31.3402134,-110.936081
Page,AZ,36.9148305,-111.457294
Payson,AZ,34.2406479,-111.323026
Phoenix,AZ,33.4484367,-112.074141
Prescott,AZ,34.539984,-112.468812
Quartzsite,AZ,33.6669903,-114.21681
Rio Rico,AZ,31.4714828,-110.9764769
Safford,AZ,32.8332254,-109.7131818
Salome,AZ,33.7811491,-113.6147146
San Simon,AZ,32.2665117,-109.2270613
Show Low,AZ,34.2542084,-110.029832
Sierra Vista,AZ,31.5647691,-110.2742994
Springerville,AZ,34.1340599,-109.286008
Surprise,AZ,33.629247,-112.3681428
Tacna,AZ,32.6985289,-113.9530344
Tolleson,AZ,33.4500497,-112.259309
Tonopah,AZ,33.4938042,-112.936905
Tucson,AZ,32.2228765,-110.974847
Wikieup,AZ,34.7033462,-113.6113642
Willcox,AZ,32.2529138,-109.8315759
Williams,AZ,35.2508504,-112.187294
Willow Beach,AZ,35.8697801,-114.6600654
Winslow,AZ,35.0241984,-110.6973463
Wittmann,AZ,33.7782918,-112.529762
Yucca,AZ,34.8726671,-114.149858
Yuma,AZ,32.7210307,-114.6203217
Brawley,CA,32.9786566,-115.530267
Calexico,CA,32.6713154,-115.4927113
Coachella,CA,33.6794956,-116.17628
El Centro,CA,32.792,-115.563051
Jacumba,CA,32.6185851,-116.1874664
Thermal,CA,33.6403013,-116.1394485
Westmorland,CA,33.0372674,-115.621381
Alamosa,CO,37.4682005,-105.8678353
Atwood,CO,40.5477619,-103.2696575
Aurora,CO,39.7401441,-104.8733376
Bennett,CO,39.7571365,-104.4273048
Berthoud,CO,40.3083174,-105.081092
Brighton,CO,39.983721,-104.8110775
Brush,CO,40.2584914,-103.623473
Burlington,CO,39.3046827,-102.2680065
Canon City,CO,38.4422506,-105.2348795
Colorado City,CO,37.9452861,-104.8352628
Colorado Springs,CO,38.8339578,-104.825348
Commerce City,CO,39.8083196,-104.9338675
Cortez,CO,37.3494528,-108.584073
Craig,CO,40.5152491,-107.5464541
Crook,CO,40.8578024,-102.8011867
De Beque,CO,39.3347752,-108.215286
Denver,CO,39.7392364,-104.984862
Dumont,CO,39.7646887,-105.600337
Durango,CO,37.2769484,-107.8766
Eads,CO,38.4809954,-102.7817838
Eaton,CO,40.5260483,-104.7113073
Erie,CO,40.0502623,-105.049981
Evans,CO,40.3772168,-104.6977634
Fort Collins,CO,40.5871782,-105.0770113
Fort Morgan,CO,40.2502582,-103.799951
Fountain,CO,38.682219,-104.7008056
Fruita,CO,39.1588826,-108.7336414
Golden,CO,39.7546349,-105.22058
Grand Junction,CO,39.0672568,-108.56448
Greeley,CO,40.4233142,-104.7091322
Hudson,CO,40.0734432,-104.642986
Johnstown,CO,40.3350303,-104.9092844
Keenesburg,CO,40.1081705,-104.519701
Kersey,CO,40.387481,-104.561625
Kremmling,CO,40.0587394,-106.38863
Lamar,CO,38.0872306,-102.620749
Limon,CO,39.2631651,-103.6877736
Longmont,CO,40.1672117,-105.101928
Mead,CO,40.2265094,-104.9849133
Meeker,CO,40.0374733,-107.913129
Montrose,CO,38.4781927,-107.876277
Monument,CO,39.0916586,-104.872758
Palisade,CO,39.1102587,-108.350919
Parachute,CO,39.4536891,-108.052961
Pueblo,CO,38.263995,-104.6141867
Rifle,CO,39.5347023,-107.7831199
Seibert,CO,39.30099,-102.8696143
Silt,CO,39.5485917,-107.65617
Sterling,CO,40.6255415,-103.207709
Towaoc,CO,37.211302,-108.7234467
Trinidad,CO,37.169397,-104.500541
Walsenburg,CO,37.6235234,-104.780995
Watkins,CO,39.7443406,-104.6031986
Wellington,CO,40.7038712,-105.008585
Wheat Ridge,CO,39.766098,-105.0772063
Wiggins,CO,40.2304339,-104.0744597
Windsor,CO,40.4774818,-104.901361
Wray,CO,40.0758822,-102.223253
Yuma,CO,40.1233877,-102.7236616
Branford,CT,41.2795414,-72.8150989
Bridgeport,CT,41.1792695,-73.1887863
Danbury,CT,41.394817,-73.4540111
Darien,CT,41.0787079,-73.4692873
East Granby,CT,41.9418011,-72.7275015
East Lyme,CT,41.3482141,-72.2092951
East Windsor,CT,41.9156394,-72.6129917
Hartford,CT,41.7661621,-72.6732726
Madison,CT,41.2794282,-72.5983151
Milford,CT,41.2222218,-73.0570603
Milldale,CT,41.5661372,-72.8999672
New Haven,CT,41.3082138,-72.9250518
North Haven,CT,41.3909305,-72.859545
North Stonington,CT,41.4411845,-71.8812698
Plainfield,CT,41.6799374,-71.9147282
South Windsor,CT,41.8352395,-72.5562712
Waterbury,CT,41.5541144,-73.0435615
West Haven,CT,41.2706527,-72.9470471
Willington,CT,41.8757947,-72.2642761
Bridgeville,DE,38.7427231,-75.6032026
Felton,DE,39.0084464,-75.5779807
Greenwood,DE,38.8070579,-75.5913153
Laurel,DE,38.5565041,-75.5713141
Middletown,DE,39.4497639,-75.7166345
New Castle,DE,39.6620572,-75.5663132
Newark,DE,39.6828358,-75.7515682
Seaford,DE,38.6413452,-75.6114584
Baker,FL,30.7972254,-86.681691
Bartow,FL,27.8964384,-81.843323
Blountstown,FL,30.4435293,-85.0451953
Bonita Springs,FL,26.339806,-81.7786972
Boynton Beach,FL,26.5289139,-80.058141
Bradenton,FL,27.4989278,-82.5748194
Branford,FL,29.9591183,-82.9281833
Brooksville,FL,28.5552719,-82.3878709
Bushnell,FL,28.6644827,-82.1117399
Callahan,FL,30.5637205,-81.8297744
Chiefland,FL,29.4749586,-82.8591997
Clearwater,FL,27.9658533,-82.8001026
Cocoa,FL,28.3556635,-80.7325345
Cottondale,FL,30.7971363,-85.3765965
Dade City,FL,28.3647248,-82.1959178
Davenport,FL,28.1614046,-81.6017417
Defuniak Springs,FL,30.7210227,-86.1152184
Ellenton,FL,27.5262425,-82.5214628
Fort Lauderdale,FL,26.1223084,-80.1433786
Fort Myers,FL,26.640628,-81.8723084
Fort Pierce,FL,27.4467056,-80.3256056
Gainesville,FL,29.6519684,-82.3249846
Grand Ridge,FL,30.7124146,-85.0202017
Haines City,FL,28.1067315,-81.6287423
Hastings,FL,29.7180248,-81.5081338
Hawthorne,FL,29.5918856,-82.0869578
Hialeah,FL,25.8267775,-80.2814009
Homestead,FL,25.4718946,-80.4759905
Hosford,FL,30.386585,-84.7979694
Hudson,FL,28.3617709,-82.6932847
Immokalee,FL,26.4185404,-81.4173997
Jacksonville,FL,30.3262247,-81.6579179
Jasper,FL,30.5182727,-82.94819
Jennings,FL,30.6041817,-83.0990699
Jupiter,FL,26.9342246,-80.0942087
Kissimmee,FL,28.2918995,-81.4075838
Labelle,FL,26.7615384,-81.4385828
Lake Butler,FL,30.0227391,-82.3395574
Lake City,FL,30.1894252,-82.6394803
Lake Panasoffkee,FL,28.7865172,-82.1290284
Lake Placid,FL,27.2930999,-81.3628502
Lake Wales,FL,27.9014133,-81.5859099
Lakeland,FL,28.0394654,-81.9498042
Lamont,FL,30.3774792,-83.813686
Land O Lakes,FL,28.2188992,-82.4575938
Lawtey,FL,30.0441284,-82.0717733
Lecanto,FL,28.8516486,-82.4875982
Lee,FL,30.4196584,-83.3004216
Leesburg,FL,28.810823,-81.8778582
Live Oak,FL,30.2961892,-82.9842885
Macclenny,FL,30.2821807,-82.1220569
Madison,FL,30.4693772,-83.4129254
Marathon,FL,24.7137524,-81.0903512
Marianna,FL,30.7743596,-85.2268735
Mascotte,FL,28.5783313,-81.8867452
Mc Alpin,FL,30.1396324,-82.9440642
Miami,FL,25.7741566,-80.1935973
Middleburg,FL,30.0688512,-81.8603778
Midway,FL,30.4954759,-84.4543513
Milton,FL,30.6324149,-87.0396881
Mims,FL,28.683293,-80.8457402
Moore Haven,FL,26.8331174,-81.0931234
Nokomis,FL,27.1192213,-82.4442629
North Fort Myers,FL,26.6728666,-81.8840848
Ocala,FL,29.1871986,-82.1400923
Okeechobee,FL,27.2437062,-80.8299044
Opa Locka,FL,25.9023168,-80.2503271
Orlando,FL,28.5421218,-81.379045
Ormond Beach,FL,29.2854132,-81.0557921
Palatka,FL,29.6487882,-81.6372111
Palm Bay,FL,27.9946969,-80.6366144
Palmetto,FL,27.5214269,-82.5723193
Panama City,FL,30.1586518,-85.6602936
Pensacola,FL,30.421309,-87.2169149
Perry,FL,30.1174351,-83.5818147
Pierson,FL,29.2393293,-81.4652728
Plant City,FL,28.01633,-82.1234803
Polk City,FL,28.1825147,-81.8239676
Pompano Beach,FL,26.2378597,-80.1247667
Punta Gorda,FL,26.9351529,-82.0512058
Reddick,FL,29.3666393,-82.1973184
Saint Augustine,FL,29.8946952,-81.3145395
Saint Johns,FL,29.9032284,-81.4145468
San Antonio,FL,28.3361142,-82.2745308
Sebring,FL,27.4957453,-81.4410425
Seffner,FL,27.9836329,-82.2756468
South Bay,FL,26.6639559,-80.7161701
Summerfield,FL,29.0085924,-82.0348092
Tallahassee,FL,30.4380832,-84.2809332
Tampa,FL,27.9449854,-82.4583107
Vero Beach,FL,27.6387163,-80.3975399
Waldo,FL,29.7896882,-82.1673248
Webster,FL,28.6115035,-82.0562065
West Palm Beach,FL,26.715364,-80.0532942
Wildwood,FL,28.865286,-82.0394286
Winter Garden,FL,28.5656649,-81.5856742
Youngstown,FL,30.3643628,-85.4382568
Yulee,FL,30.627848,-81.5902278
Zellwood,FL,28.7298898,-81.6025791
Acworth,GA,34.0659329,-84.6768796
Adairsville,GA,34.3683267,-84.9349057
Adel,GA,31.1371358,-83.4234936
Albany,GA,31.5782062,-84.1556809
Alma,GA,31.5393701,-82.4623557
Alpharetta,GA,34.0755962,-84.2945964
Americus,GA,32.0723862,-84.2326876
Athens,GA,33.9597677,-83.376398
Atlanta,GA,33.7544657,-84.3898151
Attapulgus,GA,30.7495931,-84.4838714
Augusta,GA,33.4709714,-81.9748429
Bainbridge,GA,30.9038252,-84.5754768
Baxley,GA,31.7773202,-82.3490533
Bethlehem,GA,33.9328842,-83.7129958
Blackshear,GA,31.3042798,-82.2404922
Bloomingdale,GA,32.1324249,-81.2990018
Blythe,GA,33.30482,-82.2065592
Braselton,GA,34.1092735,-83.7626729
Bremen,GA,33.7208676,-85.1456929
Brunswick,GA,31.1499528,-81.4914894
Buena Vista,GA,32.3190398,-84.5171411
Byron,GA,32.6537561,-83.7596294
Cairo,GA,30.8773326,-84.2079425
Calhoun,GA,34.502587,-84.9510542
Camilla,GA,31.2312887,-84.2103726
Carnesville,GA,34.3698266,-83.235155
Cartersville,GA,34.1652304,-84.7997613
Chatsworth,GA,34.7665942,-84.7698842
Clarkesville,GA,34.6125971,-83.5248933
Columbus,GA,32.4610708,-84.9880449
Commerce,GA,34.203997,-83.4571058
Conley,GA,33.6448311,-84.3257571
Cordele,GA,31.9691606,-83.782718
Crawfordville,GA,33.5539938,-82.8961899
Cusseta,GA,32.3054268,-84.7727027
Cuthbert,GA,31.7712748,-84.7893658
Dacula,GA,33.9887165,-83.8979573
Dalton,GA,34.7691867,-84.9702475
Darien,GA,31.3702255,-81.4339903
Dawson,GA,31.7735001,-84.4465827
Dawsonville,GA,34.4212053,-84.1190804
Donalsonville,GA,31.0404625,-84.8790911
Douglas,GA,31.5088073,-82.8498654
Dublin,GA,32.5404447,-82.903754
Dudley,GA,32.5423872,-83.0704273
East Dublin,GA,32.5482221,-82.8718084
Eatonton,GA,33.3267128,-83.388485
Elberton,GA,34.1112226,-82.8670839
Ellabell,GA,32.1235368,-81.4856673
Ellenwood,GA,33.6101096,-84.287978
Emerson,GA,34.1270427,-84.7554925
Fairburn,GA,33.5670562,-84.5810418
Folkston,GA,30.8305818,-82.0097846
Forest Park,GA,33.6220542,-84.3690918
Forsyth,GA,33.0344998,-83.9389018
Fort Valley,GA,32.5537585,-83.8874084
Fortson,GA,33.3778914,-84.2888119
Gainesville,GA,34.2978794,-83.8240663
Gordon,GA,32.8820866,-83.3323848
Greensboro,GA,33.5756831,-83.1823789
Griffin,GA,33.2467807,-84.2640904
Grovetown,GA,33.4504157,-82.1981764
Guyton,GA,32.3363045,-81.3914992
Hahira,GA,30.9913064,-83.3726575
Hampton,GA,33.3870578,-84.2829784
Harlem,GA,33.4145834,-82.3126237
Hawkinsville,GA,32.2835422,-83.4667907
Hazlehurst,GA,31.8696309,-82.5943026
Hephzibah,GA,33.3140311,-82.0967857
Hogansville,GA,33.1731769,-84.914936
Homerville,GA,31.0365983,-82.7470849
Jackson,GA,33.2945651,-83.9660209
Jasper,GA,34.4678687,-84.4290918
Jefferson,GA,34.1170537,-83.5723876
Jeffersonville,GA,32.6876606,-83.3470598
Jesup,GA,31.6074365,-81.8853924
Kingsland,GA,30.7999563,-81.6898261
Lagrange,GA,33.039291,-85.0313269
Lake Park,GA,30.6828653,-83.1798644
Leesburg,GA,31.7324556,-84.1711966
Lithia Springs,GA,33.7939953,-84.6604899
Lithonia,GA,33.7123305,-84.1051939
Louisville,GA,33.0015407,-82.4112377
Lula,GA,34.3876013,-83.6662854
Lumber City,GA,31.9293488,-82.6795831
Macon,GA,32.8406946,-83.6324022
Madison,GA,33.5956814,-83.467944
Marietta,GA,33.952845,-84.5496054
Mcdonough,GA,33.4473361,-84.1468616
Metter,GA,32.397118,-82.0601196
Midland,GA,32.5748608,-84.827152
Midway,GA,31.805769,-81.4306642
Millen,GA,32.8040512,-81.9492812
Monroe,GA,33.7948364,-83.713229
Moultrie,GA,31.1793436,-83.788579
Newnan,GA,33.3806716,-84.7996573
Ocilla,GA,31.5943567,-83.2504328
Palmetto,GA,33.5178907,-84.6696549
Pelham,GA,31.1276849,-84.1518466
Perry,GA,32.4586695,-83.7319658
Pinehurst,GA,32.1959971,-83.7629533
Pooler,GA,32.1158983,-81.2495131
Port Wentworth,GA,32.149092,-81.1631681
Pulaski,GA,32.3901752,-81.9567837
Rabun Gap,GA,34.9572143,-83.3864536
Register,GA,32.3671237,-81.8840039
Resaca,GA,34.5803628,-84.9432765
Richland,GA,32.0879342,-84.6674203
Richmond Hill,GA,31.9382381,-81.3035515
Rincon,GA,32.2960289,-81.2353905
Ringgold,GA,34.91591,-85.1091173
Rising Fawn,GA,34.7600791,-85.531076
Rockmart,GA,34.0026005,-85.0416133
Rome,GA,34.257038,-85.1646726
Saint Marys,GA,30.7203759,-81.5485714
Savannah,GA,32.0790074,-81.0921335
Soperton,GA,32.3771182,-82.5923554
Statesboro,GA,32.4490141,-81.7832912
Stone Mountain,GA,33.8080924,-84.1706273
Surrency,GA,31.7236264,-82.1985623
Sycamore,GA,31.6743474,-83.6373903
Sylvania,GA,32.7504441,-81.636776
Tallapoosa,GA,33.7442912,-85.2879889
Taylorsville,GA,34.0862938,-84.9878581
Temple,GA,33.7370514,-85.032445
Tennille,GA,32.9359886,-82.8115273
Thomasville,GA,30.8365815,-83.9787808
Thomson,GA,33.4663248,-82.5026089
Tifton,GA,31.4549719,-83.5108284
Twin City,GA,32.5829413,-82.1551219
Union Point,GA,33.6156831,-83.0745969
Valdosta,GA,30.8327022,-83.2784851
Vidalia,GA,32.2176855,-82.4134614
Vienna,GA,32.0913402,-83.7964675
Villa Rica,GA,33.732052,-84.9191081
Waco,GA,33.7028848,-85.1832821
Wadley,GA,32.8668223,-82.4040162
Warrenton,GA,33.4070837,-82.6620781
Waycross,GA,31.2135511,-82.3540178
Waynesboro,GA,33.0898731,-82.0156736
West Point,GA,32.8772531,-85.183728
Whitesburg,GA,33.4940017,-84.9138283
Wildwood,GA,34.9634096,-85.4110711
Willacoochee,GA,31.3407551,-83.0459826
Woodbine,GA,30.9638429,-81.7226063
Wrens,GA,33.2076456,-82.391792
Wrightsville,GA,32.729674,-82.719384
Zebulon,GA,33.1023454,-84.3426997
Ainsworth,IA,41.2889125,-91.5523838
Algona,IA,43.0699663,-94.233019
Altoona,IA,41.6437308,-93.4696031
Ames,IA,42.0267567,-93.6170448
Anamosa,IA,42.1083371,-91.2851594
Ankeny,IA,41.7320796,-93.605092
Atalissa,IA,41.5711357,-91.1659888
Audubon,IA,41.7216265,-94.9307636
Avoca,IA,41.4776567,-95.3394897
Batavia,IA,40.9940985,-92.1674331
Bettendorf,IA,41.5253792,-90.5098639
Bevington,IA,41.3605472,-93.7907776
Bondurant,IA,41.7005441,-93.462157
Brooklyn,IA,41.7286464,-92.4455938
Calmar,IA,43.1828024,-91.86481
Carroll,IA,42.0651109,-94.8666108
Cedar Falls,IA,42.5361805,-92.447758
Cedar Rapids,IA,41.9758872,-91.6704053
Center Point,IA,42.1908265,-91.7851772
Centerville,IA,40.7344306,-92.8742102
Chariton,IA,41.0147155,-93.3074102
Charles City,IA,43.0662177,-92.6794258
Clarence,IA,41.8881899,-91.0558524
Clear Lake,IA,43.1370751,-93.3813637
Clinton,IA,41.8502821,-90.1877485
Clive,IA,41.6096559,-93.7754644
Colfax,IA,41.6777241,-93.2452335
Coralville,IA,41.6759977,-91.580705
Correctionville,IA,42.4749887,-95.785565
Council Bluffs,IA,41.258841,-95.8519484
Cresco,IA,43.3736148,-92.1161444
Creston,IA,41.0585878,-94.361397
Davenport,IA,41.5224692,-90.5756401
De Soto,IA,41.5318591,-94.0085214
De Witt,IA,41.8242643,-90.538127
Decorah,IA,43.3041609,-91.7859098
Delaware,IA,42.4752682,-91.3454214
Denison,IA,42.0177718,-95.3553286
Denver,IA,42.6713752,-92.3372158
Des Moines,IA,41.5868654,-93.6249494
Dows,IA,42.6563906,-93.5009286
Dubuque,IA,42.5006243,-90.6647985
Duncombe,IA,42.4705006,-93.993355
Early,IA,42.4613432,-95.1523131
Eddyville,IA,41.1561503,-92.6381659
Ellsworth,IA,42.3120964,-93.5786963
Emmetsburg,IA,43.1108076,-94.6781897
Estherville,IA,43.4026638,-94.8363599
Evansdale,IA,42.4771838,-92.288411
Floyd,IA,43.1278951,-92.7365926
Forest City,IA,43.2626747,-93.6376741
Fort Dodge,IA,42.5044017,-94.1910044
Fort Madison,IA,40.6311415,-91.3084007
Garner,IA,43.102147,-93.6020069
Greene,IA,42.896221,-92.8030194
Grinnell,IA,41.7430237,-92.7239637
Guttenberg,IA,42.7858231,-91.0995735
Hampton,IA,42.7424776,-93.2080861
Hinton,IA,42.626701,-96.2939254
Holland,IA,42.3989349,-92.8001926
Holstein,IA,42.4893597,-95.5446387
Huxley,IA,41.8946126,-93.6065898
Independence,IA,42.4685661,-91.8891187
Iowa City,IA,41.6612561,-91.5299106
Iowa Falls,IA,42.5207924,-93.2647595
Janesville,IA,42.6464613,-92.4629005
Jefferson,IA,42.016055,-94.3741093
Latimer,IA,42.7635903,-93.3687645
Le Mars,IA,42.792151,-96.1662993
Lime Springs,IA,43.448494,-92.2804954
Manchester,IA,42.4840907,-91.4555379
Manning,IA,41.9092293,-95.0650571
Manson,IA,42.5291439,-94.5341421
Maquoketa,IA,42.0690915,-90.6654748
Marcus,IA,42.82471,-95.8079104
Marion,IA,42.0329753,-91.5987335
Marshalltown,IA,42.048881,-92.9122672
Mason City,IA,43.1524574,-93.2017941
Mediapolis,IA,41.0079667,-91.1640201
Milford,IA,43.32396,-95.1508003
Minden,IA,41.4667146,-95.542622
Missouri Valley,IA,41.5564975,-95.8879438
Monona,IA,43.0527391,-91.3896122
Monroe,IA,41.5222145,-93.1018684
Monticello,IA,42.2382752,-91.1869428
Mount Ayr,IA,40.7145873,-94.2381367
Mount Pleasant,IA,40.966312,-91.5539956
Muscatine,IA,41.4246132,-91.0436508
Neola,IA,41.4491259,-95.615764
Nevada,IA,42.0227653,-93.4524342
New Hampton,IA,43.059421,-92.3181158
New Virginia,IA,41.180595,-93.7300396
Newton,IA,41.6997139,-93.0538852
North Liberty,IA,41.7478297,-91.6064397
Northwood,IA,43.4441245,-93.2210371
Odebolt,IA,42.3121507,-95.2520585
Oelwein,IA,42.6778743,-91.9145143
Onawa,IA,42.0268269,-96.0974618
Osceola,IA,41.0341224,-93.7665629
Ottumwa,IA,41.0195659,-92.4116886
Pacific Junction,IA,41.0186897,-95.8003095
Parkersburg,IA,42.5755594,-92.7870402
Pella,IA,41.4073138,-92.9174074
Peosta,IA,42.4469535,-90.8433797
Percival,IA,40.748842,-95.8131914
Perry,IA,41.8386547,-94.1066411
Polk City,IA,41.7712593,-93.7137441
Postville,IA,43.0865887,-91.5684784
Red Oak,IA,41.0095189,-95.228247
Riverside,IA,41.4797157,-91.5812739
Rock Rapids,IA,43.4303235,-96.1674831
Rockwell City,IA,42.3952576,-94.6338671
Sheffield,IA,42.8933721,-93.2154756
Shelby,IA,41.5159725,-95.4503416
Sheldon,IA,43.1801338,-95.8525185
Sibley,IA,43.3989852,-95.7520256
Sigourney,IA,41.3330944,-92.2049364
Sioux Center,IA,43.0796879,-96.1756497
Sioux City,IA,42.4966815,-96.4058782
Sloan,IA,42.2330049,-96.2279425
Spencer,IA,43.1415519,-95.1477536
Spirit Lake,IA,43.4224868,-95.1024729
Storm Lake,IA,42.6452817,-95.1992726
Story City,IA,42.1872062,-93.5957713
Stuart,IA,41.5033213,-94.3185737
Tama,IA,41.9625958,-92.5792797
Tiffin,IA,41.705772,-91.6650422
Tipton,IA,41.7697016,-91.1281732
Toledo,IA,41.9958439,-92.5790678
Underwood,IA,41.3872477,-95.678862
Urbana,IA,42.223793,-91.8755241
Urbandale,IA,41.6274511,-93.7380243
Vinton,IA,42.1679131,-92.0239504
Walcott,IA,41.5857364,-90.7744597
Walnut,IA,41.4772595,-95.2220692
Wapello,IA,41.1813612,-91.185468
Washington,IA,41.2990848,-91.6923661
Waterloo,IA,42.498275,-92.3328743
Webster City,IA,42.4695666,-93.8183858
Welton,IA,41.9080812,-90.5954147
West Burlington,IA,40.825083,-91.1565496
West Liberty,IA,41.5700231,-91.2637695
Wever,IA,40.7114884,-91.2304308
Williams,IA,42.4871409,-93.5447106
Williamsburg,IA,41.6612394,-92.0095079
American Falls,ID,42.7860227,-112.854437
Blackfoot,ID,43.190039,-112.348357
Bliss,ID,42.9267744,-114.9492739
Boise,ID,43.6166163,-116.200886
Bonners Ferry,ID,48.6972317,-116.3119832
Caldwell,ID,43.6678736,-116.689415
Council,ID,44.7298876,-116.438198
Downey,ID,42.4285297,-112.124407
Dubois,ID,44.176298,-112.23082
Eden,ID,42.6059001,-114.209645
Fort Hall,ID,43.0332482,-112.4383131
Franklin,ID,42.0168752,-111.8041815
Fruitland,ID,44.0088935,-116.916414
Grangeville,ID,45.926552,-116.122326
Heyburn,ID,42.5585202,-113.763904
Idaho Falls,ID,43.4887907,-112.03628
Jerome,ID,42.7238458,-114.518808
Lewiston,ID,46.4195913,-117.0216144
Malad City,ID,42.1915872,-112.250798
Marsing,ID,43.5454359,-116.8131958
Mccammon,ID,42.6504719,-112.193022
Montpelier,ID,42.3221498,-111.2977044
Mountain Home,ID,43.1318937,-115.6939827
Nampa,ID,43.5780381,-116.5616885
Pocatello,ID,42.8620287,-112.450627
Post Falls,ID,47.7110106,-116.9480877
Twin Falls,ID,42.5558542,-114.4700684
Wilder,ID,43.6765486,-116.9118157
Addison,IL,41.931696,-87.9889556
Alsip,IL,41.6689336,-87.7387003
Altamont,IL,39.062036,-88.7481224
Annawan,IL,41.3972573,-89.9045518
Atkinson,IL,41.4208678,-90.0151121
Atlanta,IL,40.2596504,-89.2332466
Barry,IL,39.6942135,-91.0390246
Batavia,IL,41.8500284,-88.3125738
Bedford Park,IL,41.7690519,-87.7770096
Bellwood,IL,41.8814184,-87.88319
Belvidere,IL,42.2579991,-88.841734
Bensenville,IL,41.9538384,-87.9431781
Benton,IL,37.9967163,-88.9200685
Berwyn,IL,41.8505874,-87.7936685
Bloomingdale,IL,41.9575285,-88.0809036
Bloomington,IL,40.4797828,-88.9939147
Bolingbrook,IL,41.7003302,-88.0717708
Bourbonnais,IL,41.1639309,-87.8839693
Bridgeview,IL,41.7500323,-87.8042216
Brighton,IL,39.039773,-90.1410023
Burbank,IL,41.741406,-87.7686078
Carol Stream,IL,41.9125286,-88.1347927
Carrollton,IL,39.3022693,-90.4070632
Casey,IL,39.2993863,-87.991754
Champaign,IL,40.1164841,-88.2430932
Channahon,IL,41.4294753,-88.2286735
Cherry Valley,IL,42.2392959,-88.9597115
Chicago,IL,41.8755616,-87.6244212
Chicago Heights,IL,41.5062834,-87.6357079
Cicero,IL,41.8455398,-87.7540199
Crest Hill,IL,41.554753,-88.0986709
Crete,IL,41.4445334,-87.6313829
Crystal Lake,IL,42.2411344,-88.3161965
Decatur,IL,39.8454163,-88.9524151
Dekalb,IL,41.9298644,-88.7501925
Des Plaines,IL,42.0415823,-87.8873916
Divernon,IL,39.5656082,-89.6573192
Dixon,IL,41.8425197,-89.4814291
Downs,IL,40.39698,-88.8706291
Dundee,IL,42.0989145,-88.2714689
Dwight,IL,41.0944767,-88.4250597
East Saint Louis,IL,38.6268666,-90.159707
Edwards,IL,40.7458704,-89.7442697
Effingham,IL,39.1201433,-88.54348
El Paso,IL,40.7392018,-89.0164626
Elgin,IL,42.03726,-88.2810994
Elk Grove Village,IL,42.0035588,-88.0037711
Elwood,IL,41.4039201,-88.1117242
Fairfield,IL,38.378937,-88.3597684
Farina,IL,38.8342128,-88.7722761
Farmer City,IL,40.2433676,-88.6425668
Farmersville,IL,39.4433854,-89.6517619
Flora,IL,38.6689364,-88.4856042
Frankfort,IL,41.4979467,-87.8495946
Franklin Park,IL,41.9353084,-87.865618
Galatia,IL,37.8406038,-88.6092215
Galesburg,IL,40.9475652,-90.3712169
Geneseo,IL,41.4525168,-90.1548364
Gilberts,IL,42.1034365,-88.3745145
Gilman,IL,40.7667015,-87.992262
Goodfield,IL,40.6297593,-89.2748084
Granite City,IL,38.7014389,-90.1487199
Grant Park,IL,41.2454168,-87.6425237
Grayville,IL,38.257547,-87.9936436
Greenup,IL,39.2478159,-88.1633719
Greenville,IL,38.8922687,-89.4131356
Gurnee,IL,42.3702996,-87.9020186
Hamel,IL,38.8889357,-89.845375
Hampshire,IL,42.0978028,-88.5303643
Hanover Park,IL,41.9994722,-88.1450735
Harrisburg,IL,37.7385,-88.5405213
Hartford,IL,38.8333815,-90.09594
Havana,IL,40.3014316,-90.0633625
Henry,IL,41.1114249,-89.3564776
Heyworth,IL,40.313378,-88.9736633
HICKORY HILLS,IL,41.7255879,-87.825055
Hillsdale,IL,41.6136437,-90.1728998
Hinsdale,IL,41.8024604,-87.9299841
Homer Glen,IL,41.6000318,-87.9381112
Hoopeston,IL,40.4672587,-87.6683573
Ina,IL,38.1511606,-88.9039554
Itasca,IL,41.9712977,-88.0129164
Jacksonville,IL,39.7343697,-90.228782
Joliet,IL,41.5263603,-88.0840212
Kankakee,IL,41.1200325,-87.8611531
Knoxville,IL,40.9083715,-90.2848476
La Grange,IL,41.81483,-87.8735662
La Salle,IL,41.3333679,-89.0917497
Lake Zurich,IL,42.1969689,-88.0934108
Lansing,IL,41.5662245,-87.5381569
Le Roy,IL,40.3519795,-88.764237
Lemont,IL,41.6737149,-88.0016263
Lexington,IL,40.6414237,-88.7834001
Libertyville,IL,42.2830786,-87.9531303
Lincoln,IL,40.1481349,-89.3636569
Litchfield,IL,39.1768621,-89.655615
Lockport,IL,41.5894753,-88.057837
Lombard,IL,41.8864687,-88.0201536
Loves Park,IL,42.3200189,-89.0581621
Macomb,IL,40.4588934,-90.6713939
Mahomet,IL,40.195142,-88.4052266
Manteno,IL,41.2501677,-87.8326423
Marion,IL,37.7306054,-88.9331256
Marshall,IL,39.3914252,-87.6936384
Martinsville,IL,39.3355924,-87.8819761
Mascoutah,IL,38.490327,-89.793154
Mattoon,IL,39.4842821,-88.3773279
Mc Lean,IL,41.9181843,-87.7184126
Mchenry,IL,42.3431427,-88.2674875
Melrose Park,IL,41.900299,-87.8569745
Mendota,IL,41.5472547,-89.1175852
Metropolis,IL,37.1511655,-88.7319979
Midlothian,IL,41.6253116,-87.7175491
Minonk,IL,40.9044778,-89.0345224
Minooka,IL,41.4553084,-88.2617305
Mokena,IL,41.5261437,-87.8892189
Monee,IL,41.4203482,-87.7447556
Monmouth,IL,40.9127103,-90.6472477
Monroe Center,IL,42.0983583,-89.000655
Montgomery,IL,41.728961,-88.3420744
Morris,IL,41.3574135,-88.4215234
Morrisonville,IL,39.4200501,-89.4556486
Morton,IL,40.6127349,-89.459323
Mount Vernon,IL,38.3172715,-88.9031201
Mulberry Grove,IL,38.925046,-89.2689626
Naperville,IL,41.7728699,-88.1479278
Nashville,IL,38.3434906,-89.3809783
New Baden,IL,38.5349571,-89.7007595
New Berlin,IL,39.7253276,-89.9106632
New Lenox,IL,41.5119761,-87.9656098
Normal,IL,40.5092961,-88.9843937
North Chicago,IL,42.327724,-87.8394189
Oakwood,IL,40.1161471,-87.7783592
Oglesby,IL,41.2953127,-89.0595266
Okawville,IL,38.4342164,-89.5503676
Olney,IL,38.7296538,-88.0846891
Oswego,IL,41.6834778,-88.3525714
Ottawa,IL,41.3516628,-88.845436
Palatine,IL,42.1105502,-88.0434304
Pana,IL,39.3889311,-89.0800809
Pekin,IL,40.5687911,-89.6501621
Peoria,IL,40.6938609,-89.5891008
Peotone,IL,41.3328083,-87.789758
Peru,IL,41.3272919,-89.1287636
Plainfield,IL,41.6086711,-88.2054345
Plano,IL,41.662877,-88.5366814
Poplar Grove,IL,42.3683522,-88.822047
Posen,IL,41.6317008,-87.681437
Princeton,IL,41.368092,-89.4648145
Rantoul,IL,40.3083672,-88.1558785
Riverdale,IL,41.6333678,-87.6331021
Riverton,IL,39.8442164,-89.5395417
Rochelle,IL,41.9239178,-89.0687074
Rockford,IL,42.2713945,-89.093966
Romeoville,IL,41.6475306,-88.0895061
Roscoe,IL,42.4133505,-89.0092742
Round Lake,IL,42.353355,-88.0934145
Salem,IL,38.6269929,-88.9456158
Schiller Park,IL,41.9558637,-87.8708965
Shannon,IL,42.1547457,-89.7398389
South Beloit,IL,42.4930708,-89.0367764
South Elgin,IL,41.9941938,-88.2922996
South Holland,IL,41.6008681,-87.6069894
South Pekin,IL,40.4944838,-89.6517711
Springfield,IL,39.7990175,-89.6439575
Stockton,IL,42.3497355,-90.0067917
Sugar Grove,IL,41.7616204,-88.4439261
Tilton,IL,40.0953144,-87.6475213
Tinley Park,IL,41.5733669,-87.7844944
Tonica,IL,41.2158684,-89.0667489
Troy,IL,38.7292147,-89.8831541
Tuscola,IL,39.7998585,-88.2884552
University Park,IL,41.4400344,-87.683377
Utica,IL,41.3405897,-89.010081
Vandalia,IL,38.960601,-89.0936778
Villa Park,IL,41.8893116,-87.9778368
Virginia,IL,39.9511595,-90.2123427
Wadsworth,IL,42.4286788,-87.9067248
Warrenville,IL,41.8179303,-88.174097
Waukegan,IL,42.3602273,-87.8318164
Wenona,IL,41.0525331,-89.0503587
West Chicago,IL,41.8847507,-88.2039607
West Frankfort,IL,37.8978275,-88.9314583
Williamsville,IL,39.9542161,-89.5487126
Willow Springs,IL,41.7366004,-87.8693152
Wilmington,IL,39.4794415,-90.4874557
Winnebago,IL,42.2661312,-89.2412202
Wood Dale,IL,41.9633625,-87.9789562
Woodhull,IL,41.1789256,-90.3159582
Yorkville,IL,41.6411409,-88.4472948
Angola,IN,41.634874,-84.99928
Ashley,IN,41.5272725,-85.0655232
Austin,IN,38.7423428,-85.8048022
Bloomfield,IN,39.02631,-86.9379018
Bloomington,IN,39.1670396,-86.5342881
Bluffton,IN,40.7386579,-85.1716368
Bourbon,IN,41.2956002,-86.1163889
Brazil,IN,39.523652,-87.1250154
Bristol,IN,41.7214415,-85.8175361
Butler,IN,41.4297694,-84.8713507
Cambridge City,IN,39.8129285,-85.1708971
Carlisle,IN,38.9622119,-87.4028708
Chesterton,IN,41.6107243,-87.0522661
Cicero,IN,40.1323222,-86.0137897
Clayton,IN,39.6892129,-86.5224984
Cloverdale,IN,39.5147682,-86.7938969
Covington,IN,40.1370345,-87.3970886
Crawfordsville,IN,40.0408627,-86.8997385
Daleville,IN,40.1211546,-85.5580301
Danville,IN,39.7606013,-86.5263879
Decatur,IN,40.830603,-84.9291329
Demotte,IN,41.1950369,-87.1986403
Dyer,IN,41.4942021,-87.5217068
Edinburgh,IN,39.3542176,-85.9666577
Elkhart,IN,41.6819935,-85.9766671
Evansville,IN,37.970495,-87.5715641
Fort Wayne,IN,41.0799898,-85.1386015
Fowler,IN,40.6167044,-87.3208519
Frankfort,IN,40.2797657,-86.5108244
Fremont,IN,41.7308834,-84.9327395
Gary,IN,41.6020962,-87.3370646
Gas City,IN,40.4880229,-85.6125667
Gaston,IN,40.3139311,-85.5005278
Geneva,IN,40.5924473,-84.9612944
Georgetown,IN,38.2945488,-85.975447
Goshen,IN,41.5850394,-85.8344491
Greenfield,IN,39.7855096,-85.7681979
Greensburg,IN,39.3372722,-85.483581
Greenwood,IN,39.6136987,-86.1095429
Grovertown,IN,41.3750434,-86.5047339
Hammond,IN,41.6173959,-87.5220108
Hanna,IN,41.4119862,-86.7800207
Haubstadt,IN,38.2050442,-87.5741876
Hebron,IN,41.3186482,-87.2003091
Highland,IN,38.0450618,-87.562929
Hobart,IN,41.5322592,-87.2550353
Howe,IN,41.721372,-85.4206528
Huntington,IN,40.882353,-85.4964727
Indianapolis,IN,39.7683331,-86.1583502
Jasper,IN,38.3914228,-86.9308719
Kendallville,IN,41.4414385,-85.2649754
Knightstown,IN,39.7956007,-85.5263629
Kokomo,IN,40.4864444,-86.1336351
La Porte,IN,41.6105983,-86.7225227
Lafayette,IN,40.4191229,-86.8919011
Lake Station,IN,41.5750369,-87.2389246
Lake Village,IN,41.1375346,-87.4486437
Lawrenceburg,IN,39.090891,-84.8499504
Leavenworth,IN,38.1997869,-86.3441439
Lebanon,IN,40.0483744,-86.4691677
Logansport,IN,40.7542375,-86.3625191
Madison,IN,38.7358933,-85.3799577
Marion,IN,40.5583739,-85.6591442
Martinsville,IN,39.4278253,-86.428328
Medaryville,IN,41.0805951,-86.8919629
Memphis,IN,38.4833963,-85.7616319
Merrillville,IN,41.4828144,-87.3328139
Michigan City,IN,41.7075394,-86.8950297
Middlebury,IN,41.6750714,-85.7060263
Mitchell,IN,38.7328304,-86.4736019
Monon,IN,40.8630369,-86.8793079
Mooresville,IN,39.6128243,-86.37416
Muncie,IN,40.1936892,-85.3865271
New Haven,IN,41.0733059,-85.0173125
New Paris,IN,41.5045465,-85.8241113
North Vernon,IN,39.006165,-85.6235796
Pendleton,IN,40.0024801,-85.745948
Peru,IN,40.7537253,-86.0690325
Pierceton,IN,41.2003229,-85.7055417
Pittsboro,IN,39.8639329,-86.4669429
Plainfield,IN,39.703872,-86.399477
Plymouth,IN,41.3436555,-86.3097278
Portage,IN,41.5758708,-87.1761455
Remington,IN,40.7608729,-87.1508522
Rensselaer,IN,40.9367045,-87.1508562
Richmond,IN,39.8286897,-84.8898521
Rochester,IN,41.0648846,-86.2159959
Rockport,IN,37.8831055,-87.0494408
Rolling Prairie,IN,41.6745495,-86.6160192
Saint Croix,IN,38.2239531,-86.5863387
Saint Paul,IN,39.4279074,-85.6280248
Seymour,IN,38.9592201,-85.8902547
Shelbyville,IN,39.5214373,-85.7769238
South Bend,IN,41.6833813,-86.2500066
Spiceland,IN,39.838379,-85.4388608
Straughn,IN,39.8089351,-85.2913559
Taylorsville,IN,39.2958844,-85.9508264
Terre Haute,IN,39.4667025,-87.4139119
Tipton,IN,40.2822598,-86.041098
Valparaiso,IN,41.4672552,-87.0604487
Vincennes,IN,38.6772691,-87.5286325
Wanatah,IN,41.4305964,-86.898358
Warren,IN,40.6828226,-85.4271953
Washington,IN,38.6592152,-87.172789
Waterloo,IN,41.4318364,-85.0213899
West Lafayette,IN,40.4258686,-86.9080655
Westville,IN,41.5463225,-86.8969236
Whiteland,IN,39.5500485,-86.0797079
Whitestown,IN,39.9972626,-86.3458296
Winamac,IN,41.0514299,-86.6030648
Woodburn,IN,41.1253271,-84.8532963
Yorktown,IN,40.1736547,-85.4941396
Abilene,KS,38.917252,-97.21377
Alma,KS,39.016666,-96.289162
Atchison,KS,39.5632392,-95.1199452
Belle Plaine,KS,37.3939098,-97.281155
Belleville,KS,39.8246673,-97.6325554
Beloit,KS,39.458684,-98.108282
Bunker Hill,KS,38.8758445,-98.7039655
Chanute,KS,37.6816841,-95.4517985
Cherryvale,KS,37.270344,-95.5524788
Clay Center,KS,39.376941,-97.124743
Coffeyville,KS,37.0372999,-95.6163634
Colby,KS,39.3959655,-101.0526881
Concordia,KS,39.571543,-97.661141
Cunningham,KS,37.6439067,-98.4311883
Dodge City,KS,37.7527982,-100.0170787
Douglass,KS,37.5194642,-97.0128147
Edgerton,KS,38.7647302,-95.0080224
El Dorado,KS,37.8173015,-96.8537388
Ellis,KS,38.938066,-99.560667
Ellsworth,KS,38.7305648,-98.2281126
Emporia,KS,38.4040054,-96.181623
Fairview,KS,39.841111,-95.728042
Florence,KS,38.2444619,-96.9280787
Fort Scott,KS,37.8399791,-94.7082882
Fredonia,KS,37.5339386,-95.8266483
Garden City,KS,37.9716898,-100.8726618
Gardner,KS,38.8109254,-94.9272958
Garnett,KS,38.2805772,-95.2419192
Goodland,KS,39.350833,-101.710172
Hanover,KS,39.893892,-96.87947
Hays,KS,38.8709984,-99.3311525
Hesston,KS,38.1385315,-97.4314857
Hiawatha,KS,39.8524033,-95.5364966
Holcomb,KS,37.9859154,-100.9887562
Hugoton,KS,37.1753025,-101.349602
Iola,KS,37.9244799,-95.3999814
Johnson,KS,37.5705661,-101.750645
Junction City,KS,39.0286093,-96.8313978
Kansas City,KS,39.1134562,-94.626497
Lakin,KS,37.9405751,-101.254892
Lawrence,KS,38.9719137,-95.2359403
Lebo,KS,38.4166818,-95.8530441
Lenexa,KS,38.9697458,-94.7845837
Leon,KS,37.6902964,-96.7822508
Liberal,KS,37.0398062,-100.9222517
Maple Hill,KS,39.084722,-96.028047
Marysville,KS,39.84173,-96.6480642
Matfield Green,KS,38.1591843,-96.5605664
Mcpherson,KS,38.3708415,-97.6642087
Meade,KS,37.2855796,-100.340145
Medicine Lodge,KS,37.2811339,-98.580361
Moran,KS,37.9161474,-95.1702546
Mullinville,KS,37.5861307,-99.475674
Newton,KS,38.0469166,-97.3447244
Norton,KS,39.833895,-99.891511
Oakley,KS,39.126385,-100.855611
Oberlin,KS,39.818338,-100.528201
Olathe,KS,38.8838856,-94.81887
Ottawa,KS,38.6153828,-95.2678474
Overbrook,KS,38.7805607,-95.5572026
Parsons,KS,37.3407838,-95.2596295
Phillipsburg,KS,39.756121,-99.323985
Pleasanton,KS,38.1778054,-94.7113471
Powhattan,KS,39.761462,-95.6335829
Pratt,KS,37.6461856,-98.7346702
Prescott,KS,38.0636439,-94.6955145
Russell,KS,38.8916536,-98.8601141
Sabetha,KS,39.9034278,-95.8018257
Saint Marys,KS,39.194164,-96.0711041
Salina,KS,38.8402805,-97.6114237
Scott City,KS,38.4825192,-100.907094
Seneca,KS,39.834165,-96.064168
Severy,KS,37.6222547,-96.2280527
Smith Center,KS,39.779179,-98.785075
South Haven,KS,37.049727,-97.4013324
South Hutchinson,KS,38.0280671,-97.9403303
Spearville,KS,37.8500191,-99.7567932
Strong City,KS,38.3972359,-96.5369508
Sublette,KS,37.4816911,-100.843773
Tecumseh,KS,39.0480559,-95.5791454
Tonganoxie,KS,39.109724,-95.0877465
Topeka,KS,39.049011,-95.677556
Tribune,KS,38.4697378,-101.752672
Ulysses,KS,37.5814095,-101.355169
Wakeeney,KS,39.0236309,-99.883729
Washington,KS,39.8180263,-97.0505607
Wathena,KS,39.7599235,-94.9478024
Wellington,KS,37.2675076,-97.3999395
Wellsville,KS,38.7183422,-95.0816354
Wichita,KS,37.6922361,-97.3375448
Albany,KY,36.6917878,-85.1353856
Ashland,KY,38.4784144,-82.6379387
Bardstown,KY,37.8092463,-85.4669015
Beaver Dam,KY,37.4029224,-86.8759367
Benton,KY,36.8572781,-88.350315
Berea,KY,37.568694,-84.2963224
Bowling Green,KY,36.9929203,-86.4428677
Calvert City,KY,37.0333896,-88.3500362
Campbellsville,KY,37.3433974,-85.3419069
Caneyville,KY,37.4242184,-86.4883148
Catlettsburg,KY,38.4048042,-82.6004369
Columbia,KY,37.1028271,-85.3060432
Corbin,KY,36.9486986,-84.0968761
East Bernstadt,KY,37.1895318,-84.1177098
Elizabethtown,KY,37.693952,-85.8591285
Florence,KY,38.9989499,-84.6266111
Frankfort,KY,38.2009055,-84.8732836
Franklin,KY,36.722263,-86.5772177
Georgetown,KY,38.2099837,-84.5597128
Glencoe,KY,38.7145093,-84.8227255
Glendale,KY,37.6017278,-85.9055189
Grayson,KY,38.3325812,-82.9485023
Greenup,KY,38.5779669,-82.8367118
Hanson,KY,37.4172671,-87.4808336
Henderson,KY,37.8407597,-87.591632
Hopkinsville,KY,36.8657852,-87.489412
Horse Cave,KY,37.179496,-85.9069175
Isom,KY,37.1878764,-82.8987718
Kuttawa,KY,37.0589425,-88.1325257
Lebanon Junction,KY,37.8345086,-85.7319042
Lewisport,KY,37.9369974,-86.9022146
Lexington,KY,38.0464066,-84.4970393
London,KY,37.1283343,-84.0835576
Louisville,KY,38.2542376,-85.759407
Madisonville,KY,37.3280037,-87.4986989
Mayfield,KY,36.7413418,-88.6355497
Maysville,KY,38.6474569,-83.7644793
Middlesboro,KY,36.6072968,-83.7143317
Morehead,KY,38.1839705,-83.4326841
Morgantown,KY,37.2256023,-86.6835998
Mortons Gap,KY,37.2367115,-87.4752761
Mount Sterling,KY,38.0561079,-83.9431961
Mount Vernon,KY,37.3529436,-84.3404195
Murray,KY,36.6106122,-88.3021092
Nicholasville,KY,37.8806341,-84.5729961
Oak Grove,KY,36.6650471,-87.4427878
Owensboro,KY,37.7742152,-87.1133304
Paducah,KY,37.0833893,-88.6000478
Pendleton,KY,38.4622879,-85.3035678
Richmond,KY,37.7478572,-84.2946539
Russell Springs,KY,37.0566246,-85.0875858
Russellville,KY,36.8453199,-86.887219
Sadieville,KY,38.3892392,-84.5374424
Scottsville,KY,36.7533781,-86.1905424
Shepherdsville,KY,37.9885936,-85.7158246
Simpsonville,KY,38.22257,-85.3552349
Smiths Grove,KY,37.0525453,-86.2077608
Somerset,KY,37.0920222,-84.6041084
Sonora,KY,37.524226,-85.8930192
Sparta,KY,38.6880765,-84.8988044
Tollesboro,KY,38.5595201,-83.5760258
Vanceburg,KY,38.599243,-83.3187952
Waddy,KY,38.1370153,-85.0743978
Walton,KY,38.8756194,-84.6102213
Williamsburg,KY,36.7434169,-84.1596561
Willisburg,KY,37.8097892,-85.126347
Winchester,KY,37.990079,-84.1796503
Alexandria,LA,31.3119463,-92.4453558
Amite,LA,30.7265747,-90.5089815
Arcadia,LA,32.5489683,-92.9217754
Baton Rouge,LA,30.4494155,-91.1869659
Belle Chasse,LA,29.8549287,-89.9906253
Belle Rose,LA,30.0385706,-91.0546176
Berwick,LA,29.6932795,-91.2234005
Bethany,LA,32.3737683,-94.0379649
Bossier City,LA,32.515887,-93.7336536
Boyce,LA,31.3904558,-92.6693132
Breaux Bridge,LA,30.2735323,-91.8992837
Broussard,LA,30.1471506,-91.9612413
Bunkie,LA,30.9528641,-92.1857892
Calhoun,LA,32.5126469,-92.3584744
Chalmette,LA,29.9427892,-89.9629372
Convent,LA,30.0205669,-90.8297092
Coushatta,LA,32.0148834,-93.3421165
Crowley,LA,30.2140928,-92.3745761
Cut Off,LA,29.513768,-90.3239092
Delcambre,LA,29.948261,-91.9887328
Delhi,LA,32.4576421,-91.4931736
Delta,LA,32.3274069,-90.9250828
Denham Springs,LA,30.4868564,-90.9562125
Duson,LA,30.2378751,-92.1801925
Egan,LA,30.2368713,-92.505969
Eunice,LA,30.4943669,-92.4176324
Farmerville,LA,32.7747312,-92.4046686
Franklin,LA,29.7925517,-91.5006704
Frierson,LA,32.2518252,-93.6899007
Galliano,LA,29.4398705,-90.3075906
Garyville,LA,30.0701655,-90.6301548
Gonzales,LA,30.2385294,-90.9200987
Gramercy,LA,30.0474239,-90.6898128
Grand Coteau,LA,30.4199203,-92.0465087
Gray,LA,29.6867175,-90.781302
Greensburg,LA,30.829635,-90.6677355
Greenwood,LA,32.4435212,-93.9749081
Grosse Tete,LA,30.4110276,-91.4337211
Hammond,LA,30.5043583,-90.4611995
Haughton,LA,32.5325626,-93.5039231
Hosston,LA,32.8876386,-93.8785127
Houma,LA,29.5957696,-90.7195348
Ida,LA,33.0028525,-93.8929997
Iowa,LA,30.2368772,-93.0137569
Jennings,LA,30.2224284,-92.657085
Jonesville,LA,31.626142,-91.8135871
Kenner,LA,29.9942265,-90.2417806
Kentwood,LA,30.9382358,-90.5089843
La Place,LA,30.0771675,-90.485784
Lafayette,LA,30.2262187,-92.0178202
Lake Charles,LA,30.2305095,-93.2169807
Larose,LA,29.5669265,-90.38043
Leesville,LA,31.1431257,-93.2651126
Livingston,LA,30.5021345,-90.7478737
Mansfield,LA,32.0218301,-93.7143492
Mansura,LA,31.0579664,-92.049012
Marrero,LA,29.8993723,-90.1003506
Mathews,LA,29.683653,-90.5578268
Minden,LA,32.6154278,-93.2868354
Monroe,LA,32.5025471,-92.116219
Morgan City,LA,29.6993748,-91.20677
Natchitoches,LA,31.7606732,-93.0860209
New Iberia,LA,30.0035365,-91.8187285
New Orleans,LA,29.9574657,-90.0629493
Oakdale,LA,30.8147872,-92.6564081
Opelousas,LA,30.5335302,-92.081509
Pearl River,LA,30.3760263,-89.7483974
Plaquemine,LA,30.2840655,-91.2370772
Port Allen,LA,30.45335,-91.2100569
Port Barre,LA,30.5601953,-91.9540055
Raceland,LA,29.7274331,-90.598976
Rayne,LA,30.234925,-92.2684617
Rayville,LA,32.4746949,-91.7568292
Reserve,LA,30.0823981,-90.5585162
Roanoke,LA,30.2351806,-92.7478897
Ruston,LA,32.5297498,-92.6386604
Saint Francisville,LA,30.7807244,-91.3763353
Saint Gabriel,LA,30.2576953,-91.0992706
Saint James,LA,29.9818694,-90.8317608
Saint Martinville,LA,30.1252011,-91.8334498
Saint Rose,LA,29.9468716,-90.3231349
Schriever,LA,29.7386285,-90.8102663
Shreveport,LA,32.5135356,-93.7477839
Slidell,LA,30.2751945,-89.7811745
Sorrento,LA,30.1843642,-90.8592632
Springhill,LA,33.0022966,-93.4612001
Starks,LA,30.3155874,-93.6618365
Sulphur,LA,30.2365943,-93.3773783
Tallulah,LA,32.4084539,-91.1869112
Thibodaux,LA,29.7957633,-90.822871
Vidalia,LA,31.5654441,-91.4259495
Ville Platte,LA,30.6901838,-92.2774771
Vinton,LA,30.1907628,-93.5812717
Vivian,LA,32.8720384,-93.9855698
West Monroe,LA,32.5184775,-92.1476353
Westwego,LA,29.9060388,-90.1422962
Winnfield,LA,31.925228,-92.63994
Adams,MA,42.6209431,-73.1204129
Ayer,MA,42.5595807,-71.5882561
Berlin,MA,42.3813665,-71.6372642
Blandford,MA,42.1806065,-72.9279125
Boylston,MA,42.353279,-71.7343582
Bridgewater,MA,41.9902206,-70.9754432
Charlton,MA,42.1340806,-71.9698085
Chicopee,MA,42.1487691,-72.6071119
Fall River,MA,41.7010642,-71.1546367
Framingham,MA,42.2773177,-71.4165905
Lancaster,MA,42.4431437,-71.6852823
Lee,MA,42.3073477,-73.2504911
Leominster,MA,42.5267443,-71.7614891
Lexington,MA,42.4473175,-71.2245003
Ludlow,MA,42.1589979,-72.4803259
Methuen,MA,42.7262016,-71.1908924
Millbury,MA,42.1913817,-71.7603934
Natick,MA,42.2836393,-71.346996
Newton Lower Falls,MA,42.3258005,-71.2563409
North Billerica,MA,42.5852621,-71.2877645
North Oxford,MA,42.1500947,-71.8684054
Norwood,MA,42.194543,-71.1994976
Orange,MA,42.5908656,-72.3097766
Peabody,MA,42.5258965,-70.9272446
Plymouth,MA,41.9583799,-70.6673851
Salisbury,MA,42.8418855,-70.8602328
Seekonk,MA,41.808434,-71.3369973
Shrewsbury,MA,42.2960187,-71.71351
Springfield,MA,42.1018764,-72.5886727
Sturbridge,MA,42.1084385,-72.0807772
Sutton,MA,42.1499283,-71.7629658
Uxbridge,MA,42.0768175,-71.6298483
Westborough,MA,42.2694308,-71.6129907
Westminster,MA,42.5449024,-71.9107903
Whately,MA,42.4399249,-72.6349083
Wrentham,MA,42.0667652,-71.3281114
Aberdeen,MD,39.5120347,-76.1643289
Accident,MD,39.6289521,-79.3208439
Baltimore,MD,39.2908816,-76.610759
Beltsville,MD,39.0299081,-76.9149547
Big Pool,MD,39.6237066,-78.0158337
Bladensburg,MD,38.9392997,-76.9337983
Brandywine,MD,38.6967833,-76.8477485
Capitol Heights,MD,38.8849913,-76.9134765
Centreville,MD,39.0420588,-76.0674344
Clinton,MD,38.7651145,-76.8983059
Cumberland,MD,39.6526498,-78.762383
Curtis Bay,MD,39.2252188,-76.5900312
Denton,MD,38.8845583,-75.8271564
Dundalk,MD,39.2574114,-76.5236745
Edgewood,MD,39.4187194,-76.2944016
Elkridge,MD,39.2163676,-76.7093501
Elkton,MD,39.6065073,-75.8330934
Emmitsburg,MD,39.7045417,-77.3269307
Frederick,MD,39.415779,-77.4127562
Gaithersburg,MD,39.1399187,-77.1929215
Glen Burnie,MD,39.1648,-76.6249437
Grantsville,MD,39.6991282,-79.1577212
Hagerstown,MD,39.6430455,-77.7191081
Hancock,MD,39.6994024,-78.1820972
Hunt Valley,MD,39.4922608,-76.6589528
Hurlock,MD,38.6346863,-75.8637279
Hyattsville,MD,38.9529442,-76.9408647
Jessup,MD,39.1492746,-76.7752493
Mardela Springs,MD,38.4598391,-75.7590991
Middle River,MD,39.3342745,-76.4394057
Millersville,MD,39.0595542,-76.6480219
Newburg,MD,38.3773478,-76.9533055
North East,MD,39.5992989,-75.9424217
Nottingham,MD,39.3639964,-76.4521842
Perryville,MD,39.5594191,-76.0732254
Rockville,MD,39.0817985,-77.1516844
Salisbury,MD,38.366027,-75.6009964
Thurmont,MD,39.6236095,-77.4115401
Upper Marlboro,MD,38.8162451,-76.751708
Waldorf,MD,38.6263882,-76.9106581
Walkersville,MD,39.4817659,-77.3507698
Westover,MD,38.1240114,-75.7063171
White Marsh,MD,39.3819338,-76.457304
Williamsport,MD,39.5993627,-77.8215298
Auburn,ME,44.0965868,-70.2250697
Augusta,ME,44.3148027,-69.7743945
Baileyville,ME,45.1549515,-67.4050134
Bangor,ME,44.8016255,-68.7713289
Biddeford,ME,43.4925843,-70.4533844
Brownville,ME,45.3499664,-69.0513851
Canaan,ME,44.7630602,-69.5596522
Corinna,ME,44.9210182,-69.2612866
Corinth,ME,45.0037427,-69.0234445
Dover Foxcroft,ME,45.183489,-69.2276
Fairfield,ME,44.588511,-69.599075
Farmington,ME,44.670628,-70.1514536
Greenville,ME,45.458955,-69.5916835
Holden,ME,44.7528499,-68.6789218
Houlton,ME,46.1402184,-67.8425936
Kittery,ME,43.0856724,-70.743658
Liberty,ME,44.3927438,-69.3074579
Lincoln,ME,45.3622432,-68.504716
Medway,ME,45.6089427,-68.5308623
Newport,ME,44.8353424,-69.2739365
Portland,ME,43.6573605,-70.2586618
Princeton,ME,45.2246849,-67.5758786
Richmond,ME,44.0878744,-69.8010647
Scarborough,ME,43.5899737,-70.3346065
Sherman,ME,45.8727797,-68.3866057
Skowhegan,ME,44.7558635,-69.6656301
Turner,ME,44.2565542,-70.2561951
Warren,ME,44.12062,-69.240646
West Paris,ME,44.324339,-70.574112
Adrian,MI,41.8975152,-84.0373054
Albion,MI,42.243097,-84.7530304
Alma,MI,43.37892,-84.659727
Battle Creek,MI,42.3192548,-85.1824269
Bay City,MI,43.5962107,-83.8881711
Belleville,MI,42.2048414,-83.4852106
Benton Harbor,MI,42.1167065,-86.4541894
Bessemer,MI,46.4813363,-90.0529504
Big Rapids,MI,43.698078,-85.483656
Bridgeport,MI,43.3594696,-83.8816364
Bridgman,MI,41.9430986,-86.5569659
Burton,MI,42.9897333,-83.6335032
Byron Center,MI,42.8122508,-85.7228062
Cadillac,MI,44.2519526,-85.4011619
Caledonia,MI,42.7891193,-85.5163391
Canton,MI,42.3076547,-83.4868961
Capac,MI,43.0125274,-82.9279881
Caro,MI,43.491132,-83.396897
Casco,MI,42.7525317,-82.6715845
Cedar Springs,MI,43.22336,-85.551424
Champion,MI,46.5138246,-87.9634679
Clare,MI,43.81947,-84.768628
Coopersville,MI,43.0639112,-85.9347667
Dearborn,MI,42.3222599,-83.1763145
Detroit,MI,42.3315509,-83.0466403
Dewitt,MI,42.8424784,-84.5697965
Dexter,MI,42.3372998,-83.8842
Dundee,MI,41.9572676,-83.6596596
Eagle,MI,42.809901,-84.7910537
Escanaba,MI,45.7455707,-87.0647434
Fenton,MI,42.7978061,-83.7049498
Flint,MI,43.0161693,-83.6900211
Fowlerville,MI,42.6605894,-84.0730142
Gaylord,MI,45.027513,-84.674752
Grand Blanc,MI,42.9275277,-83.6299518
Grand Haven,MI,43.0630734,-86.2283864
Grand Ledge,MI,42.7524401,-84.7463572
Grand Rapids,MI,42.9632425,-85.6678639
Grayling,MI,44.661517,-84.714637
Gwinn,MI,46.2810556,-87.4409718
Hart,MI,43.698341,-86.363965
Holland,MI,42.7876022,-86.1090828
Holly,MI,42.7919727,-83.6277255
Houghton Lake,MI,44.314739,-84.7647496
Howard City,MI,43.395583,-85.467815
Hudsonville,MI,42.870889,-85.865235
Imlay City,MI,43.0247496,-83.0777153
Ionia,MI,42.9872547,-85.0711174
Iron Mountain,MI,45.820233,-88.06596
Ironwood,MI,46.4555673,-90.1684371
Ithaca,MI,43.291698,-84.6075
Jackson,MI,42.2465036,-84.4016963
Kalamazoo,MI,42.291707,-85.5872286
Lake Odessa,MI,42.7847564,-85.1383367
Lansing,MI,42.7338254,-84.5546295
Lapeer,MI,43.0514161,-83.3188341
Lennon,MI,42.985585,-83.9282955
Lincoln Park,MI,42.2505943,-83.1785361
Livonia,MI,42.36837,-83.3527097
Lowell,MI,42.933601,-85.3418551
Luna Pier,MI,41.8069907,-83.442433
Manistique,MI,45.95779,-86.246419
Marlette,MI,43.326969,-83.08022
Marquette,MI,46.5434914,-87.396433
Marshall,MI,42.2721367,-84.9642008
Mattawan,MI,42.2094839,-85.784453
Memphis,MI,42.8964179,-82.7688135
Middleton,MI,43.1833659,-84.7088895
Milan,MI,42.0848616,-83.6830279
Monroe,MI,41.9145037,-83.3968252
Mount Morris,MI,43.118637,-83.694958
Mount Pleasant,MI,43.597646,-84.7668495
Muskegon,MI,43.2341813,-86.2483921
New Baltimore,MI,42.6811436,-82.7368616
New Boston,MI,42.1625408,-83.4029885
Newberry,MI,46.3559523,-85.5098868
Newport,MI,42.0022672,-83.3085419
Niles,MI,41.8297694,-86.2541768
Ottawa Lake,MI,41.7641517,-83.7493869
Parma,MI,42.2583711,-84.5996885
Paw Paw,MI,42.2178171,-85.8911246
Perry,MI,42.8264205,-84.2194127
Pinconning,MI,43.853633,-83.964987
Port Huron,MI,42.9760854,-82.4333742
Portland,MI,42.8692006,-84.9030517
Rapid River,MI,45.9269087,-86.9670846
Redford,MI,42.3833698,-83.2965971
Reed City,MI,43.875017,-85.51005
Riverview,MI,42.1742073,-83.1793697
Rockford,MI,43.119721,-85.559604
Romulus,MI,42.2222614,-83.3965995
Roseville,MI,42.4972583,-82.9371409
Saginaw,MI,43.4200387,-83.9490365
Saint Clair,MI,42.8254954,-82.4864138
Saint Ignace,MI,45.8686681,-84.7278146
Sault Sainte Marie,MI,46.4976734,-84.3476583
Sawyer,MI,41.8853207,-86.5894666
Scottville,MI,43.954728,-86.280079
Smiths Creek,MI,42.9139187,-82.6038085
Stephenson,MI,45.415251,-87.607616
Taylor,MI,42.240872,-83.2696509
Tekonsha,MI,42.0933791,-84.9858051
Three Rivers,MI,41.9442722,-85.6346222
Traverse City,MI,44.7606481,-85.6165976
Trenton,MI,42.1406552,-83.1800544
Wakefield,MI,46.476545,-89.941003
Warren,MI,42.4932575,-83.0062746
Wayland,MI,42.6745321,-85.6457663
Wellston,MI,44.2169505,-85.9578528
West Branch,MI,44.276408,-84.238613
White Pigeon,MI,41.7981056,-85.6433229
Whitmore Lake,MI,42.439479,-83.7438303
Wixom,MI,42.5246873,-83.5363637
Wyoming,MI,42.9132581,-85.7057035
Adrian,MN,43.634942,-95.933355
Albert Lea,MN,43.6480127,-93.3682656
Alden,MN,43.6703382,-93.5761961
Alexandria,MN,45.8835101,-95.3745015
Andover,MN,45.2332985,-93.2913405
Anoka,MN,45.1977428,-93.3871758
Appleton,MN,45.196906,-96.019767
Austin,MN,43.6679992,-92.9746498
Belle Plaine,MN,44.622741,-93.7685729
Bemidji,MN,47.4723148,-94.8832791
Blue Earth,MN,43.637455,-94.1021821
Brainerd,MN,46.3580221,-94.2008288
Buffalo,MN,45.1719084,-93.8746941
Byron,MN,44.0325922,-92.6454395
Caledonia,MN,43.6350469,-91.496387
Cambridge,MN,45.5727408,-93.2243921
Carlton,MN,46.6639516,-92.4249745
Chatfield,MN,43.8446296,-92.1880907
Chisago City,MN,45.3735757,-92.8899376
Circle Pines,MN,45.144882,-93.1553635
Clara City,MN,44.9549593,-95.3664045
Clearwater,MN,45.4194099,-94.0488721
Cloquet,MN,46.7217279,-92.4613669
Cohasset,MN,47.263556,-93.620215
Cokato,MN,45.075043,-94.1903675
Dakota,MN,43.9138856,-91.3598478
Delano,MN,45.0419073,-93.7891331
Detroit Lakes,MN,46.817181,-95.845325
Duluth,MN,46.7838287,-92.1052679
DUNDAS,MN,44.4294359,-93.2020856
Elk River,MN,45.3038538,-93.5671825
Ellendale,MN,43.8728443,-93.3010744
Erskine,MN,47.6669831,-96.0099602
Eyota,MN,43.9887507,-92.2292396
Fairmont,MN,43.6521775,-94.4610832
Faribault,MN,44.2949637,-93.268827
Fergus Falls,MN,46.2834757,-96.0777906
Forest Lake,MN,45.279106,-92.9851629
Gaylord,MN,44.5530251,-94.2205889
Glencoe,MN,44.7691886,-94.1515671
Glyndon,MN,46.87524,-96.578963
Hastings,MN,44.7426933,-92.8518697
Heron Lake,MN,43.7949593,-95.3202763
Hinckley,MN,46.0113409,-92.9443707
Hugo,MN,45.1598509,-92.9932865
Hutchinson,MN,44.8877401,-94.3697057
International Falls,MN,48.601033,-93.4105904
Inver Grove Heights,MN,44.8479039,-93.0428119
Isanti,MN,45.4902335,-93.2477046
Ivanhoe,MN,44.463229,-96.247372
Jackson,MN,43.6207916,-94.9886022
Janesville,MN,44.116078,-93.7080044
Kasson,MN,44.0297055,-92.7503451
Kimball,MN,45.3124811,-94.300266
Lake City,MN,44.4478474,-92.2678663
Lake Park,MN,46.8855616,-96.0957328
Lakeville,MN,44.650051,-93.2432791
Little Falls,MN,45.9763545,-94.3625024
Luverne,MN,43.6542342,-96.2127811
Mankato,MN,44.1658533,-94.0028013
Melrose,MN,45.6746836,-94.8075586
Milaca,MN,45.755799,-93.6544079
Minneapolis,MN,44.9772995,-93.2654692
Minnesota City,MN,44.0938521,-91.7495959
Moose Lake,MN,46.4543725,-92.761976
Mora,MN,45.8763597,-93.2969493
Motley,MN,46.3366315,-94.646125
Mountain Lake,MN,43.9392996,-94.9309224
New Prague,MN,44.5433331,-93.5760445
New Ulm,MN,44.3140261,-94.4614177
New York Mills,MN,46.5180469,-95.3763155
North Branch,MN,45.5113515,-92.9802176
Northfield,MN,44.4582041,-93.161159
Norwood Young America,MN,44.7735732,-93.9216348
Ogilvie,MN,45.8321825,-93.4263416
Oronoco,MN,44.1642851,-92.5350748
Ortonville,MN,45.304687,-96.444779
Owatonna,MN,44.0839937,-93.2261076
Park Rapids,MN,46.9221813,-95.0586322
Paynesville,MN,45.3804687,-94.711892
Perham,MN,46.5944042,-95.5725415
Pillager,MN,46.3263819,-94.4749228
Pine City,MN,45.8260672,-92.9685423
Pipestone,MN,44.000584,-96.317502
Plainview,MN,44.1647423,-92.1717609
Princeton,MN,45.5698156,-93.5803054
Randall,MN,46.0910771,-94.5036199
Red Wing,MN,44.5624676,-92.5338013
Redwood Falls,MN,44.5393721,-95.1164478
Rochester,MN,44.0234387,-92.4630182
Rogers,MN,45.1888596,-93.5524563
Roseau,MN,48.8457996,-95.7613231
Rothsay,MN,46.4739548,-96.2808631
Rush City,MN,45.6855145,-92.9654903
Rushford,MN,43.8082606,-91.7531265
Saint Charles,MN,43.9693607,-92.0659824
Saint Cloud,MN,45.5616075,-94.1642004
Saint James,MN,43.9824577,-94.6269181
Saint Joseph,MN,45.5645229,-94.3180516
Saint Michael,MN,45.210202,-93.6648083
Saint Paul,MN,44.9497487,-93.0931028
Saint Peter,MN,44.3238384,-93.9585295
Sauk Centre,MN,45.7377454,-94.9523889
Sauk Rapids,MN,45.5913275,-94.1673802
Savage,MN,44.7779041,-93.3356204
Shakopee,MN,44.7980186,-93.5268986
Sherburn,MN,43.6521779,-94.7269247
Slayton,MN,43.987742,-95.755846
Sleepy Eye,MN,44.2972052,-94.724242
South Saint Paul,MN,44.8906694,-93.0372808
Stacy,MN,45.3980205,-92.9874404
Stewart,MN,44.7246843,-94.4858185
Stewartville,MN,43.8554243,-92.4883221
Stillwater,MN,45.0559126,-92.807572
Thief River Falls,MN,48.1172301,-96.1770667
Truman,MN,43.8277419,-94.4389338
Two Harbors,MN,47.0257139,-91.6730523
Waconia,MN,44.8507957,-93.7869088
Waite Park,MN,45.5537128,-94.2334634
Wanamingo,MN,44.3043907,-92.7906122
Willmar,MN,45.1219492,-95.0435373
Windom,MN,43.8663464,-95.1169366
Worthington,MN,43.6205056,-95.5956434
Zumbrota,MN,44.2939669,-92.6689143
Alexandria,MO,40.3594887,-91.455432
Aurora,MO,36.9724863,-93.7211623
Barnhart,MO,38.344221,-90.3934532
Bates City,MO,39.0063101,-94.07234
Bethany,MO,40.2683344,-94.0282861
Bevier,MO,39.7469768,-92.5640769
Bloomsdale,MO,38.0094981,-90.2178964
Bois D Arc,MO,37.2564382,-93.507696
Bolivar,MO,37.6136916,-93.4107968
Boonville,MO,38.9751547,-92.7440277
Bowling Green,MO,39.3419891,-91.1951437
Bridgeton,MO,38.7566055,-90.42352
Brookfield,MO,39.7844687,-93.0735348
Cabool,MO,37.123941,-92.1012678
California,MO,38.628683,-92.5659635
Cameron,MO,39.7412703,-94.2384482
Canton,MO,40.132926,-91.5205242
Cardwell,MO,36.0495441,-90.2931492
Carthage,MO,37.1765141,-94.3103412
Center,MO,39.508098,-91.528766
Charleston,MO,36.9233026,-89.3501172
Chillicothe,MO,39.7948749,-93.5532779
Clinton,MO,38.3686325,-93.7782689
Collins,MO,37.8893585,-93.6198941
Columbia,MO,38.951883,-92.3337366
Concordia,MO,38.9824542,-93.5685013
Cuba,MO,38.063021,-91.4032473
Dearborn,MO,39.5219411,-94.7699608
Deerfield,MO,37.838381,-94.5079868
Dexter,MO,36.7937232,-89.9559808
Eagleville,MO,40.4691664,-93.9871736
Eldon,MO,38.3494456,-92.5805241
Ellsinore,MO,36.9342189,-90.7467876
Eolia,MO,39.2358794,-91.0081918
Fair Grove,MO,37.3839335,-93.1512961
Faucett,MO,39.6006007,-94.801019
Fenton,MO,38.5131989,-90.4400578
Forest City,MO,39.9824969,-95.1919204
Foristell,MO,38.8150501,-90.955972
Fredericktown,MO,37.5597754,-90.294007
Fulton,MO,38.8467082,-91.9479586
Gallatin,MO,39.9148326,-93.9622221
Glasgow,MO,39.2263965,-92.8470016
Grain Valley,MO,39.0187651,-94.1976452
Grandview,MO,38.8898478,-94.5313816
Hamilton,MO,39.7436184,-93.9982743
Hannibal,MO,39.7082498,-91.3587413
Harrisonville,MO,38.655124,-94.3471072
Hayti,MO,36.2319804,-89.7480887
Hazelwood,MO,38.7761446,-90.3715909
Herculaneum,MO,38.2683879,-90.3801201
Higginsville,MO,39.0752352,-93.7172567
Holt,MO,39.4540394,-94.3429304
Jackson,MO,37.3828316,-89.6684487
Jamestown,MO,38.765587,-92.4807447
Jasper,MO,37.336212,-94.3019111
Jefferson City,MO,38.577359,-92.1724265
Jonesburg,MO,38.8533773,-91.3059895
Joplin,MO,37.0841838,-94.5133385
Kansas City,MO,39.100105,-94.5781416
Kearney,MO,39.3731886,-94.3621376
King City,MO,40.0513843,-94.524125
Kingdom City,MO,38.9427219,-91.9417153
Koshkonong,MO,36.5958946,-91.6456994
La Plata,MO,40.0233687,-92.4915779
Laddonia,MO,39.24254,-91.6454385
Lamar,MO,37.4950527,-94.2768736
Lancaster,MO,40.5208627,-92.5279662
Lathrop,MO,39.5483015,-94.3290727
Lebanon,MO,37.6806669,-92.6637835
Liberty,MO,39.246479,-94.419079
Louisiana,MO,39.4492151,-91.0465742
Lowry City,MO,38.1400275,-93.7268774
Macon,MO,39.7422561,-92.4726859
Malta Bend,MO,39.1933879,-93.3630725
Mansfield,MO,37.1067189,-92.5807231
Marston,MO,36.5189503,-89.6125789
Maryville,MO,40.3460468,-94.8723858
Matthews,MO,36.7592218,-89.5867458
Mexico,MO,39.1697626,-91.8829484
Milan,MO,40.202346,-93.125267
Mineral Point,MO,37.9447722,-90.7242964
Moberly,MO,39.4201137,-92.4364298
Monett,MO,36.9215543,-93.9231864
Mound City,MO,40.1308408,-95.231781
Mount Vernon,MO,37.1036666,-93.8185401
Mountain View,MO,36.9953322,-91.703755
Neelyville,MO,36.561713,-90.5061465
Nelson,MO,38.9946924,-93.032498
Neosho,MO,36.8665201,-94.3701651
Nevada,MO,37.8381108,-94.3596185
New Florence,MO,38.9103198,-91.4482167
New London,MO,39.5853222,-91.4009835
New Madrid,MO,36.5865383,-89.5282564
Newburg,MO,37.9142075,-91.9026607
Norwood,MO,37.1083858,-92.4148865
Oak Grove,MO,39.0048397,-94.1291914
Owensville,MO,38.3470753,-91.5005219
Ozark,MO,37.0207065,-93.2052833
Pacific,MO,38.481809,-90.7415865
Palmyra,MO,39.7942213,-91.5232557
Park Hills,MO,37.8517986,-90.5228976
Peculiar,MO,38.7145481,-94.4611204
Perryville,MO,37.7275127,-89.8645455
Pevely,MO,38.2833879,-90.3951204
Platte City,MO,39.3671841,-94.7795799
Poplar Bluff,MO,36.7563166,-90.3944869
Purdy,MO,36.8172863,-93.92076
Queen City,MO,40.4091966,-92.5676916
Qulin,MO,36.5958908,-90.2473247
Republic,MO,37.1193808,-93.4803765
Rich Hill,MO,38.0964191,-94.3610616
Richland,MO,37.8569838,-92.4043396
Ridgedale,MO,36.5039535,-93.2237919
Rock Port,MO,40.4111122,-95.5169286
Rogersville,MO,37.1173669,-93.0569237
Rolla,MO,37.9509324,-91.7708076
Saint Charles,MO,38.783855,-90.481677
Saint James,MO,37.9970626,-91.6139952
Saint Joseph,MO,39.7686055,-94.8466322
Saint Louis,MO,38.6254063,-90.190009
Saint Peters,MO,38.791612,-90.5958468
Saint Robert,MO,37.8140737,-92.1375079
Sainte Genevieve,MO,37.9814415,-90.041779
Salem,MO,37.6455993,-91.5359808
Sarcoxie,MO,37.0692266,-94.1166043
Savannah,MO,39.9413678,-94.829946
Scott City,MO,37.2163497,-89.5261244
Sedalia,MO,38.7098314,-93.2295515
Seymour,MO,37.1464398,-92.7687819
Shelbina,MO,39.6939275,-92.0429502
Sikeston,MO,36.876719,-89.5878579
Slater,MO,39.2213138,-93.0613025
Springfield,MO,37.2081729,-93.2922715
Steele,MO,36.0839594,-89.8292512
Strafford,MO,37.2683803,-93.1171264
Sullivan,MO,38.2078684,-91.160072
Tarkio,MO,40.4402763,-95.3777586
Taylor,MO,39.9381011,-91.5237663
Trenton,MO,40.0789018,-93.6166074
Unionville,MO,40.4769606,-93.0032615
Villa Ridge,MO,38.4725525,-90.8868042
Warrensburg,MO,38.7624373,-93.7409596
Warrenton,MO,38.810751,-91.150268
Wayland,MO,40.3944871,-91.5832149
Waynesville,MO,37.8141419,-92.2266876
West Plains,MO,36.7281652,-91.8525756
Willow Springs,MO,36.9922768,-91.9698742
Windsor,MO,38.5322401,-93.5221545
Winston,MO,39.8700035,-94.139947
Batesville,MS,34.316488,-89.9527108
Beaumont,MS,31.1693496,-88.9200444
Belden,MS,34.3103831,-88.7883888
Biloxi,MS,30.4007626,-88.8893818
Brookhaven,MS,31.5790667,-90.4407122
Buckatunna,MS,31.539053,-88.5289155
Byhalia,MS,34.8723179,-89.6906396
Byram,MS,32.184469,-90.2764625
Canton,MS,32.612602,-90.0367512
Carthage,MS,32.7326356,-89.5361825
Cleveland,MS,33.7440023,-90.7248187
Coldwater,MS,34.6917684,-89.9773124
Collins,MS,31.6457944,-89.5553297
Columbia,MS,31.2518582,-89.8353099
Columbus,MS,33.4956744,-88.4272627
Como,MS,34.5112588,-89.9399403
Corinth,MS,34.9343599,-88.5223353
Ecru,MS,34.3531595,-89.0231192
Ellisville,MS,31.6047734,-89.195641
Florence,MS,32.1534836,-90.1311971
Flowood,MS,32.3092861,-90.1386811
Forest,MS,32.3645888,-89.4742348
Greenville,MS,33.4111051,-91.0635857
Greenwood,MS,33.5162315,-90.1795281
Grenada,MS,33.7848667,-89.8025901
Gulfport,MS,30.3674198,-89.0928155
Guntown,MS,34.4431571,-88.6597758
Hattiesburg,MS,31.3271189,-89.2903392
Heidelberg,MS,31.8868224,-88.9839419
Holly Springs,MS,34.76801,-89.4478784
Houston,MS,33.8984461,-88.9992267
Indianola,MS,33.4509513,-90.6550917
Jackson,MS,32.2998686,-90.1830408
Kosciusko,MS,33.0576295,-89.5875764
Lake,MS,32.3443601,-89.3259931
Lauderdale,MS,32.5206941,-88.5117048
Laurel,MS,31.6940509,-89.1306124
Lawrence,MS,32.3251443,-89.2328394
Leland,MS,33.40439,-90.898669
Louisville,MS,33.1234879,-89.053243
Lucedale,MS,30.9248878,-88.5879421
Lyon,MS,34.2178865,-90.5420429
Madison,MS,32.4618086,-90.1153638
Magee,MS,31.8724469,-89.7323162
Mathiston,MS,33.5392629,-89.1255502
Mccomb,MS,31.2435782,-90.4535887
Meridian,MS,32.3643098,-88.703656
Morton,MS,32.3537557,-89.6545171
Moss Point,MS,30.4115881,-88.5344601
Mount Pleasant,MS,34.9559261,-89.5159118
Natchez,MS,31.5604076,-91.403171
New Albany,MS,34.4942683,-89.0078418
New Augusta,MS,31.2024033,-89.0347743
Newton,MS,32.3212554,-89.1633929
Oakland,MS,34.0556679,-89.9164781
Ocean Springs,MS,30.4112904,-88.8279165
Okolona,MS,34.0020146,-88.7547357
Olive Branch,MS,34.9617605,-89.8295315
Oxford,MS,34.3663773,-89.5187664
Pearl,MS,32.2735792,-90.127881
Pelahatchie,MS,32.3132159,-89.7989402
Picayune,MS,30.5254692,-89.6795084
Pickens,MS,32.8837433,-89.9714731
Poplarville,MS,30.8401495,-89.5342315
Purvis,MS,31.1443351,-89.406955
Red Banks,MS,34.8281516,-89.5645253
Richland,MS,32.2390366,-90.1584207
Saltillo,MS,34.3765897,-88.6844613
Sandersville,MS,31.7865478,-89.0322762
Scooba,MS,32.8290581,-88.4767398
Senatobia,MS,34.6187807,-89.9646282
Shannon,MS,34.1162203,-88.7117181
Shelby,MS,33.9509439,-90.7678781
Sherman,MS,34.3592707,-88.8411688
Terry,MS,32.0962633,-90.2942566
Tillatoba,MS,33.985088,-89.8960337
Tishomingo,MS,34.6367608,-88.2317103
Toomsuba,MS,32.418474,-88.5069819
Tunica,MS,34.6845102,-90.382877
Tupelo,MS,34.2576067,-88.7033859
Vicksburg,MS,32.3528055,-90.8777342
Walnut,MS,34.9485431,-88.9020767
Water Valley,MS,34.1514989,-89.6314736
West Point,MS,33.6076186,-88.6503255
Wiggins,MS,30.858244,-89.1353283
Winona,MS,33.4822954,-89.7277222
Belgrade,MT,45.776288,-111.1771685
Big Timber,MT,45.834901,-109.955311
Billings,MT,45.7874957,-108.49607
Boulder,MT,46.236595,-112.120834
Butte,MT,46.0131505,-112.536508
Chinook,MT,48.590132,-109.231823
Columbia Falls,MT,48.3697168,-114.191582
Columbus,MT,45.6366114,-109.252154
Conrad,MT,48.170251,-111.943019
Deer Lodge,MT,46.395761,-112.730038
Dillon,MT,45.2141249,-112.6346079
Glendive,MT,47.10529,-104.71246
Great Falls,MT,47.5048851,-111.29189
Hardin,MT,45.7324778,-107.612031
Helena,MT,46.5927425,-112.036277
Laurel,MT,45.6691159,-108.771532
Lewistown,MT,47.0639275,-109.428213
Livingston,MT,45.6623873,-110.5615899
Lolo,MT,46.7568598,-114.0822998
Miles City,MT,46.4070219,-105.847843
Milltown,MT,46.8712952,-113.8817192
Missoula,MT,46.8701049,-113.995267
Moore,MT,46.975523,-109.696854
Park City,MT,45.6327243,-108.9179269
Plentywood,MT,48.77475,-104.562458
Shelby,MT,48.5054997,-111.856872
Sidney,MT,47.716735,-104.155973
Superior,MT,47.1915937,-114.891797
Three Forks,MT,45.892606,-111.551448
Whitehall,MT,45.87076,-112.097494
Ahoskie,NC,36.2855245,-76.9857687
Apex,NC,35.7325352,-78.8505516
Asheboro,NC,35.7079146,-79.8136446
Belhaven,NC,35.5401653,-76.6229874
Bethel,NC,35.8083064,-77.3733428
Bladenboro,NC,34.5386768,-78.7875887
Burgaw,NC,34.5521113,-77.926098
Candler,NC,35.5444359,-82.6838032
Candor,NC,35.2951421,-79.7453164
Charlotte,NC,35.2272086,-80.8430827
Chocowinity,NC,35.5125955,-77.1009232
Clinton,NC,34.9979453,-78.3233325
Colfax,NC,36.1126365,-80.0144842
Columbia,NC,35.9176633,-76.2521521
Conover,NC,35.7065004,-81.2184383
Creedmoor,NC,36.122741,-78.6862272
Delco,NC,34.3157241,-78.2247211
Denver,NC,35.5312452,-81.0297994
Dunn,NC,35.3076902,-78.6093257
Durham,NC,35.996653,-78.9018053
Edenton,NC,36.057938,-76.6077213
Elizabeth City,NC,36.3010192,-76.2203699
Elkin,NC,36.2440504,-80.8507968
Evergreen,NC,34.2960019,-78.2177766
Farmville,NC,35.5954381,-77.5852496
Fayetteville,NC,35.0525759,-78.878292
Flat Rock,NC,35.271228,-82.441508
Garner,NC,35.7112642,-78.6141709
Gastonia,NC,35.2622654,-81.1838186
Goldsboro,NC,35.3848841,-77.9927651
Graham,NC,36.0690258,-79.4005756
Grantsboro,NC,35.1406429,-76.84246
Greensboro,NC,36.0726355,-79.7919754
Greenville,NC,35.613224,-77.3724593
Hamptonville,NC,36.0984684,-80.760345
Harrisburg,NC,35.3258295,-80.6454979
Haw River,NC,36.091526,-79.3641862
Hendersonville,NC,35.3187279,-82.4609528
Hertford,NC,36.190158,-76.4660519
Hickory,NC,35.7333312,-81.3442915
High Point,NC,35.9556924,-80.0053176
Hope Mills,NC,34.9704419,-78.9453056
Jacksonville,NC,34.7509962,-77.4309829
Jonesville,NC,36.2393013,-80.8445152
Kannapolis,NC,35.4979605,-80.6240008
Kenly,NC,35.5959363,-78.1240031
Kernersville,NC,36.1198589,-80.0736533
Kinston,NC,35.2626635,-77.5816353
Leland,NC,34.236434,-78.0040029
Lewiston Woodville,NC,36.1229347,-77.1766291
Lexington,NC,35.8240265,-80.2533838
Lillington,NC,35.399121,-78.8156001
Linwood,NC,35.7506938,-80.3178306
Lumberton,NC,34.6183305,-79.008205
Marion,NC,35.6841022,-82.0091028
Maxton,NC,34.7351615,-79.3489317
Mc Leansville,NC,36.1784621,-79.6780605
Mebane,NC,36.0959715,-79.2669619
Midland,NC,35.2273656,-80.5006219
Mocksville,NC,35.8940236,-80.5617846
Monroe,NC,34.9854275,-80.5495112
Morehead City,NC,34.7229391,-76.7260436
Mount Airy,NC,36.4993877,-80.6072138
New Bern,NC,35.1068428,-77.0398762
Newport,NC,34.7865497,-76.8591057
Newton,NC,35.6630887,-81.2219363
Oak City,NC,35.9625971,-77.3052352
Pilot Mountain,NC,36.3851349,-80.4671211
Pinetops,NC,35.7911752,-77.6375147
Pleasant Hill,NC,36.2573564,-80.8834058
Plymouth,NC,35.8668281,-76.7485555
Princeton,NC,35.4659942,-78.1605497
Raeford,NC,34.9809996,-79.2241998
Raleigh,NC,35.7803977,-78.6390989
Reidsville,NC,36.3548586,-79.6644748
Rich Square,NC,36.2737186,-77.2845336
Richlands,NC,34.8999056,-77.5463018
Riegelwood,NC,34.3398906,-78.2252766
Rocky Mount,NC,35.9423833,-77.7956949
Rocky Point,NC,34.4351676,-77.8877638
Rural Hall,NC,36.2404158,-80.2933838
Saint Pauls,NC,34.8070226,-78.9707787
Salisbury,NC,35.6709727,-80.4742261
Saluda,NC,35.2362264,-82.3492839
Sanford,NC,35.4798757,-79.1802994
Seaboard,NC,36.4901519,-77.4413634
Selma,NC,35.5365485,-78.2844435
Shelby,NC,35.2923513,-81.5356463
Siler City,NC,35.7234734,-79.4622431
Spring Hope,NC,35.9451536,-78.1119345
Spring Lake,NC,35.1679396,-78.9728056
Statesville,NC,35.7827676,-80.8873574
Stedman,NC,35.0134999,-78.6939063
Stokesdale,NC,36.2372048,-79.9793529
Supply,NC,34.0176717,-78.267499
Swansboro,NC,34.6896728,-77.1232174
Tar Heel,NC,34.7331708,-78.7904075
Troutman,NC,35.7005832,-80.8882314
Union Grove,NC,36.2076375,-80.6072838
Vanceboro,NC,35.2995434,-77.1522321
Wade,NC,35.1629419,-78.7361323
Wadesboro,NC,34.9681767,-80.07674
Wake Forest,NC,35.9775697,-78.5098471
Warsaw,NC,34.999716,-78.0939655
Waynesville,NC,35.4887476,-82.9888725
Whitakers,NC,36.1055662,-77.7126101
Whiteville,NC,34.3217345,-78.703148
Whitsett,NC,36.0712466,-79.5644686
Wilkesboro,NC,36.1483916,-81.1517636
Williamston,NC,35.8546039,-77.0555114
Wilmington,NC,34.2352853,-77.9487284
Wilson,NC,35.7241718,-77.9115243
Windsor,NC,35.9984925,-76.9460641
Winnabow,NC,34.1493374,-78.0936046
Winston Salem,NC,36.0998131,-80.2440518
Winton,NC,36.3957098,-76.9319035
Youngsville,NC,36.0247769,-78.4767034
Alexander,ND,47.843076,-103.642698
Beach,ND,46.9180689,-104.0043728
Belfield,ND,46.8852906,-103.1996219
Bismarck,ND,46.808327,-100.783739
Bowman,ND,46.1830618,-103.3949061
Carpio,ND,48.442517,-101.714606
Carrington,ND,47.44972,-99.126224
Casselton,ND,46.900529,-97.2112
Devils Lake,ND,48.112779,-98.86512
Dickinson,ND,46.8791756,-102.7896242
Drayton,ND,48.5711277,-97.1780148
Dunseith,ND,48.813057,-100.060968
Fargo,ND,46.877229,-96.789821
Fessenden,ND,47.649168,-99.629289
Grand Forks,ND,47.9252104,-97.0306325
Grassy Butte,ND,47.3925145,-103.2479655
Hankinson,ND,46.069681,-96.901748
Harwood,ND,46.979412,-96.880638
Jamestown,ND,46.910544,-98.708436
Kenmare,ND,48.674748,-102.082664
Killdeer,ND,47.3719437,-102.7539105
Leeds,ND,48.288888,-99.437635
Mandan,ND,46.826415,-100.889704
Minot,ND,48.23251,-101.296273
New Salem,ND,46.8452588,-101.4083588
New Town,ND,47.980848,-102.49018
Oakes,ND,46.138579,-98.090379
Pembina,ND,48.96913,-97.248351
Richardton,ND,46.8838957,-102.3157292
Rugby,ND,48.368888,-99.996246
Stanley,ND,48.317241,-102.390452
Steele,ND,46.8547446,-99.9155172
Sterling,ND,46.813878,-100.2915
Tioga,ND,48.397244,-102.938238
Tower City,ND,46.922755,-97.673989
Valley City,ND,46.923313,-98.003155
Wahpeton,ND,46.265879,-96.608863
Watford City,ND,47.802241,-103.283247
West Fargo,ND,46.874967,-96.900362
Williston,ND,48.1465457,-103.621814
Wilton,ND,47.158748,-100.786644
Alda,NE,40.8701915,-98.4674217
Alliance,NE,42.0971897,-102.8707145
Alma,NE,40.097511,-99.362043
Aurora,NE,40.866888,-98.004508
Beatrice,NE,40.266429,-96.747369
Bennet,NE,40.6790215,-96.5078002
Big Springs,NE,41.061381,-102.074349
Broken Bow,NE,41.4018116,-99.6393288
Burwell,NE,41.7816186,-99.1353198
Cairo,NE,41.0009594,-98.6074087
Cambridge,NE,40.2820371,-100.1660494
Central City,NE,41.1158475,-98.0017249
Chadron,NE,42.8309807,-103.0003729
Columbus,NE,41.4292988,-97.3581439
Cozad,NE,40.8595822,-99.9858546
Crete,NE,40.6256594,-96.9613881
Doniphan,NE,40.7720422,-98.3709442
Eagle,NE,40.816629,-96.4304931
Elgin,NE,41.9832688,-98.08455
Elm Creek,NE,40.7174179,-99.3732957
Fairmont,NE,40.6361358,-97.585282
Falls City,NE,40.0608106,-95.6018932
Fremont,NE,41.4338363,-96.4960449
Geneva,NE,40.5257539,-97.6027667
Genoa,NE,41.4486334,-97.7307364
Gibbon,NE,40.749069,-98.845653
Gordon,NE,42.8048523,-102.2031673
Gothenburg,NE,40.9277324,-100.1619896
Grand Island,NE,40.924271,-98.338685
Greenwood,NE,40.962791,-96.4403478
Gretna,NE,41.1469269,-96.2390053
Hastings,NE,40.5861322,-98.3898883
Hebron,NE,40.1664805,-97.5860852
Henderson,NE,40.7810033,-97.8123127
Hershey,NE,41.1586455,-101.0023673
Holdrege,NE,40.4379956,-99.3698995
Jackson,NE,42.448296,-96.5655308
Laurel,NE,42.4296931,-97.0897634
Lexington,NE,40.7788486,-99.7414869
Lincoln,NE,40.8088861,-96.7077751
Milford,NE,40.774192,-97.0518459
Norfolk,NE,42.0283379,-97.4169964
North Platte,NE,41.1368333,-100.7612819
Ogallala,NE,41.1248328,-101.7189583
Omaha,NE,41.2587459,-95.9383758
Oneill,NE,42.4577934,-98.6477823
Ord,NE,41.6033379,-98.9262134
Overton,NE,40.7390089,-99.537717
Palmyra,NE,40.7033771,-96.3900046
Plainview,NE,42.349618,-97.7934793
Roca,NE,40.657321,-96.662314
Saint Paul,NE,41.2134073,-98.4580649
Schuyler,NE,41.4473547,-97.0572541
Scottsbluff,NE,41.862302,-103.6627088
Seward,NE,40.9070037,-97.0989176
Shelby,NE,41.1938252,-97.4260225
Sidney,NE,41.1448682,-102.9767382
South Sioux City,NE,42.4742963,-96.4135909
Superior,NE,40.020847,-98.070044
Syracuse,NE,40.657224,-96.186398
Tecumseh,NE,40.3680345,-96.1940137
Trenton,NE,40.1757537,-101.0131604
Valentine,NE,42.8746752,-100.5506158
Valley,NE,41.312758,-96.3459776
Waco,NE,40.896956,-97.463383
Wahoo,NE,41.2111084,-96.6197985
Wayne,NE,42.2303215,-97.0178768
West Point,NE,41.84027,-96.7120725
Wisner,NE,41.9873724,-96.914286
Wood River,NE,40.821054,-98.600621
York,NE,40.8680593,-97.5919166
Auburn,NH,43.0045289,-71.348398
Barrington,NH,43.223191,-71.047211
Bow,NH,43.133061,-71.549149
Candia,NH,43.077916,-71.277237
Concord,NH,43.207178,-71.537476
Enfield,NH,43.6446871,-72.1435861
Epping,NH,43.0471211,-71.0758436
Gorham,NH,44.3878621,-71.1729953
Greenland,NH,43.0361995,-70.8328322
Hudson,NH,42.7655784,-71.4393423
Lebanon,NH,43.643032,-72.251587
Londonderry,NH,42.8650869,-71.3739532
Merrimack,NH,42.8665376,-71.4936642
New Hampton,NH,43.6056221,-71.655096
Northwood,NH,43.194664,-71.151581
Portsmouth,NH,43.0751306,-70.7601826
Raymond,NH,43.0365037,-71.183294
Walpole,NH,43.0794881,-72.4259454
Warner,NH,43.2809477,-71.8164258
West Chesterfield,NH,42.9042482,-72.5156447
Avenel,NJ,40.5765027,-74.2749836
Bloomsbury,NJ,40.6539892,-75.0865619
Bordentown,NJ,40.1462685,-74.7114508
Bound Brook,NJ,40.5684363,-74.5384889
Budd Lake,NJ,40.871147,-74.7341833
Burlington,NJ,40.0712218,-74.8648859
Carlstadt,NJ,40.8403778,-74.0906974
Carteret,NJ,40.5773266,-74.2282005
Cherry Hill,NJ,39.9348351,-75.0307264
Clementon,NJ,39.8115033,-74.9829443
Clinton,NJ,40.6362878,-74.9116603
Columbia,NJ,40.9262077,-75.0926763
Cranbury,NJ,40.3133907,-74.5201927
Delaware,NJ,40.8928751,-75.0646194
East Brunswick,NJ,40.4278841,-74.415984
East Rutherford,NJ,40.833989,-74.0970865
Edison,NJ,40.5005351,-74.3983939
Elizabeth,NJ,40.6639916,-74.2107006
Elizabethport,NJ,40.6501031,-74.1870888
Fairfield,NJ,40.8837238,-74.3068718
Flemington,NJ,40.5130953,-74.8591333
Franklinville,NJ,39.6179019,-75.0808338
Hampton,NJ,40.7070446,-74.9560032
Hillsborough,NJ,40.5052296,-74.6732941
Jersey City,NJ,40.7215682,-74.047455
Kearny,NJ,40.7684342,-74.1454214
Ledgewood,NJ,40.8812101,-74.6559944
Linden,NJ,40.6220478,-74.2445902
Mahwah,NJ,41.0887072,-74.1437552
Monmouth Junction,NJ,40.3789957,-74.5465436
Monroe Township,NJ,40.335756,-74.4334464
Montague,NJ,41.3031498,-74.7934993
Mount Holly,NJ,39.9928898,-74.7876624
Mount Laurel,NJ,39.934002,-74.8909988
Newark,NJ,40.735657,-74.1723667
Newfield,NJ,39.5465044,-75.0248964
North Bergen,NJ,40.8042674,-74.012084
North Brunswick,NJ,40.4539249,-74.476545
Palisades Park,NJ,40.8481556,-73.997639
Palmyra,NJ,40.0070565,-75.0282271
Paulsboro,NJ,39.830391,-75.2404608
Penns Grove,NJ,39.7295581,-75.4679734
Pennsauken,NJ,39.9562238,-75.0579502
Perth Amboy,NJ,40.5133218,-74.2724241
Phillipsburg,NJ,40.6915611,-75.1952543
Richwood,NJ,39.7226141,-75.1654567
Ridgefield,NJ,40.8342669,-74.0087505
Ringoes,NJ,40.4289354,-74.8675019
Riverton,NJ,40.0115009,-75.0148931
Roebling,NJ,40.1159169,-74.7863614
Rosenhayn,NJ,39.4781708,-75.1312929
Secaucus,NJ,40.7899291,-74.0566735
South Amboy,NJ,40.4821114,-74.2828828
South Plainfield,NJ,40.5792701,-74.4115401
Thorofare,NJ,39.8423355,-75.1962913
Trenton,NJ,40.2203074,-74.7659
Vineland,NJ,39.4862777,-75.0254256
Woodbridge,NJ,40.5536536,-74.2823862
Alamogordo,NM,32.8998822,-105.9602081
Albuquerque,NM,35.0841034,-106.650985
Algodones,NM,35.3806512,-106.4792491
Artesia,NM,32.8423345,-104.4032963
Aztec,NM,36.8220629,-107.992899
Belen,NM,34.6627495,-106.7762
Bernalillo,NM,35.3009305,-106.551425
Carlsbad,NM,32.4257456,-104.237612
Carrizozo,NM,33.6451866,-105.8775111
Casa Blanca,NM,35.046318,-107.4713938
Clayton,NM,36.4507836,-103.184797
Clines Corners,NM,35.0094982,-105.66918
Clovis,NM,34.405472,-103.2050709
Deming,NM,32.2627416,-107.7581979
Eunice,NM,32.4388224,-103.159002
Farmington,NM,36.7291152,-108.205445
Flora Vista,NM,36.7939546,-108.079821
Gallup,NM,35.5283506,-108.743907
Hatch,NM,32.6651718,-107.153438
Hobbs,NM,32.7027017,-103.1355302
Jal,NM,32.112125,-103.1934615
Jamestown,NM,35.2026182,-106.7497236
Las Cruces,NM,32.3140354,-106.779807
Las Vegas,NM,35.5939325,-105.223896
Lemitar,NM,34.1596067,-106.9111915
Logan,NM,35.3665221,-103.4107155
Lordsburg,NM,32.3504143,-108.708434
Los Lunas,NM,34.8142093,-106.7613067
Loving,NM,32.2862822,-104.095782
Lovington,NM,32.9440685,-103.3487454
Melrose,NM,34.428325,-103.6271328
Milan,NM,35.1697175,-107.8908919
Moriarty,NM,34.9972037,-106.0494876
Portales,NM,34.1859636,-103.3373367
Pueblo Of Acoma,NM,34.8960604,-107.5819746
Raton,NM,36.8979234,-104.4354816
Roswell,NM,33.3943282,-104.5229518
San Jon,NM,35.1064347,-103.3309382
Santa Rosa,NM,34.93867,-104.682489
Santa Teresa,NM,31.8700346,-106.6865799
Springer,NM,36.3612049,-104.5949166
Tatum,NM,33.2569924,-103.3175664
Texico,NM,34.3928788,-103.047733
Tinnie,NM,33.3705561,-105.2263673
Tucumcari,NM,35.1719425,-103.72504
Tularosa,NM,33.073973,-106.018602
Vado,NM,32.1117649,-106.662495
Vaughn,NM,34.6017226,-105.208319
Battle Mountain,NV,40.6414251,-116.9338287
Carlin,NV,40.713059,-116.1070877
Carson City,NV,39.1663259,-119.7670374
Elko,NV,40.83269,-115.7630942
Ely,NV,39.2480588,-114.891718
Fallon,NV,39.4745166,-118.777895
Fernley,NV,39.6078829,-119.2506489
Gardnerville,NV,38.9415062,-119.749351
Hawthorne,NV,38.5258899,-118.624517
Henderson,NV,36.0301388,-114.9815488
Imlay,NV,40.6594711,-118.149015
Indian Springs,NV,36.5767153,-115.6701485
Jackpot,NV,41.9838732,-114.673186
Jean,NV,35.7788568,-115.3243823
Las Vegas,NV,36.1674263,-115.1484131
Lovelock,NV,40.1801273,-118.4747268
MC DERMITT,NV,41.9975945,-117.7185419
Mesquite,NV,36.8035642,-114.067141
Minden,NV,38.9533009,-119.7636621
Moapa,NV,36.6673648,-114.584977
North Las Vegas,NV,36.2005191,-115.1214745
Reno,NV,39.5261788,-119.812658
Searchlight,NV,35.4643868,-114.9189503
Sparks,NV,39.5347691,-119.7552534
Tonopah,NV,38.0681235,-117.2309565
Wells,NV,41.1107264,-114.963144
West Wendover,NV,40.7409656,-114.0751726
Winnemucca,NV,40.9724295,-117.734802
Yerington,NV,38.9855429,-119.162989
Albany,NY,42.6511674,-73.754968
Apalachin,NY,42.0695189,-76.1546504
Avon,NY,42.9119925,-77.7454567
Bath,NY,42.3370164,-77.3177577
Belmont,NY,42.2231241,-78.0344506
Bergen,NY,43.0852666,-77.9418857
Binghamton,NY,42.098698,-75.9125187
Brewerton,NY,43.2383474,-76.1407778
Bronx,NY,40.8466508,-73.8785937
Buffalo,NY,42.8864163,-78.8781493
Campbell,NY,42.2331295,-77.1974748
Canaan,NY,42.4118426,-73.4496088
Canajoharie,NY,42.9054292,-74.5723964
Canastota,NY,43.079672,-75.751076
Castle Creek,NY,42.2275753,-75.918253
Castleton On Hudson,NY,42.5308134,-73.7553018
Cayuta,NY,42.2817412,-76.6968945
Central Square,NY,43.2870009,-76.1463601
Champlain,NY,44.986656,-73.446693
Clifton Park,NY,42.8630374,-73.7747623
Copiague,NY,40.6840538,-73.4008102
Corfu,NY,42.9600595,-78.4055767
Dansville,NY,42.5611258,-77.6961817
East Syracuse,NY,43.0653446,-76.0785332
Elmira,NY,42.0897965,-76.8077338
Fort Ann,NY,43.4143073,-73.4879808
Fort Edward,NY,43.267206,-73.584709
Fultonville,NY,42.9478357,-74.3699085
Gansevoort,NY,43.1962051,-73.6513967
Glenmont,NY,42.604802,-73.7695658
Harpursville,NY,42.1784124,-75.6246298
Henrietta,NY,43.0611781,-77.6338983
Hogansburg,NY,44.9739364,-74.6632416
Horseheads,NY,42.1669832,-76.8202973
Irving,NY,42.5675589,-79.1128169
Islandia,NY,40.8042649,-73.1690019
Jamestown,NY,42.0965167,-79.2380322
Jordan,NY,43.0653441,-76.4729927
La Fayette,NY,42.8925794,-76.1060197
Lancaster,NY,42.9005956,-78.669997
Lewis,NY,44.275196,-73.565826
Limestone,NY,42.0272856,-78.6294717
Liverpool,NY,43.106456,-76.217705
Livingston,NY,42.1419941,-73.7784607
Mc Graw,NY,42.9303866,-74.2555788
Medford,NY,40.8175985,-73.0001068
Montezuma,NY,43.010065,-76.7032833
Montgomery,NY,41.5275938,-74.236816
New Hampton,NY,41.4098658,-74.4117435
Newburgh,NY,41.5000767,-74.0098299
Niagara Falls,NY,43.08436,-79.0614686
Nichols,NY,42.0217121,-76.3668922
Oneonta,NY,42.453492,-75.0629531
Otego,NY,42.3973023,-75.1735017
Painted Post,NY,42.1620186,-77.0941366
Parish,NY,43.406181,-76.125758
Peru,NY,44.578486,-73.527031
Phelps,NY,42.957564,-77.057471
Plattsburgh,NY,44.6960855,-73.4542915
Pulaski,NY,43.567014,-76.127703
Queensbury,NY,43.3618532,-73.6652451
Randolph,NY,42.162005,-78.975317
Red Creek,NY,43.247289,-76.723564
Ripley,NY,42.267002,-79.710602
Rochester,NY,43.157285,-77.615214
Rome,NY,43.2102196,-75.4583956
Salamanca,NY,42.1579214,-78.7151629
Sanborn,NY,43.136723,-78.8847611
Sangerfield,NY,42.9139589,-75.3790591
Schenectady,NY,42.8142432,-73.9395687
Seneca Falls,NY,42.910719,-76.7967848
Syracuse,NY,43.0481221,-76.1474244
Ticonderoga,NY,43.8487795,-73.4232317
Tully,NY,42.798123,-76.1093696
Utica,NY,43.1009031,-75.2326641
Waterloo,NY,42.9046933,-76.8627887
Watertown,NY,43.9747838,-75.9107565
Weedsport,NY,43.048677,-76.5627197
West Coxsackie,NY,42.3606399,-73.8167921
Wolcott,NY,43.220622,-76.814958
Yorkshire,NY,42.5300624,-78.4727976
Akron,OH,41.083064,-81.518485
Alvada,OH,41.0503322,-83.4018693
Amherst,OH,41.3978217,-82.2223775
Anna,OH,40.3948773,-84.1729332
Ashland,OH,40.8686147,-82.3175942
Ashville,OH,39.7156186,-82.9529584
Austinburg,OH,41.7720075,-80.8546999
Avon,OH,41.4516512,-82.0350598
Barberton,OH,41.012833,-81.6051221
Beaverdam,OH,40.8329922,-83.9742825
Bedford,OH,41.39311,-81.536509
Bellefontaine,OH,40.3611643,-83.7596557
Bellville,OH,40.6201798,-82.5112483
Belmont,OH,40.0292374,-81.0389883
Berea,OH,41.3661614,-81.8543026
Bidwell,OH,38.9186892,-82.2990401
Bradner,OH,41.3242192,-83.4385387
Broadview Heights,OH,41.3139426,-81.6851271
Brookpark,OH,41.4197915,-81.8238184
Brookville,OH,39.8367207,-84.4113366
Bucyrus,OH,40.8083909,-82.9754649
Burbank,OH,40.988667,-81.9948684
Caldwell,OH,39.7478508,-81.5165127
Cambridge,OH,40.0247143,-81.5900711
Canton,OH,40.7985464,-81.3749508
Carey,OH,40.9525551,-83.3824238
Carroll,OH,39.7989528,-82.7010016
Carrollton,OH,40.5728404,-81.0856532
Chillicothe,OH,39.3331197,-82.9824019
Cincinnati,OH,39.1012809,-84.5127405
Circleville,OH,39.600618,-82.9460133
Cleveland,OH,41.4996574,-81.6936772
Clyde,OH,41.3040468,-82.9750686
Columbus,OH,39.9622601,-83.0007065
Conneaut,OH,41.9440977,-80.5561011
Coolville,OH,39.2217427,-81.7973557
Coshocton,OH,40.2720407,-81.8595199
Dalton,OH,40.7991618,-81.6953867
Dayton,OH,39.7589478,-84.1916069
Delaware,OH,40.2986724,-83.067965
Delphos,OH,40.8437457,-84.3397658
Delta,OH,41.5725731,-84.0059127
Diamond,OH,41.0989463,-81.022871
Dover,OH,40.5213381,-81.4741475
Eaton,OH,39.7439398,-84.6364891
Edon,OH,41.556367,-84.7690441
Elyria,OH,41.3673191,-82.1073583
Etna,OH,39.957562,-82.6819548
Fairborn,OH,39.8208998,-84.0193858
Findlay,OH,41.0413873,-83.6503982
Franklin,OH,39.5589474,-84.3041074
Fremont,OH,41.3473413,-83.1134972
Galion,OH,40.733795,-82.7896471
Gallipolis,OH,38.809803,-82.2023691
Geneva,OH,41.8052539,-80.9476206
Genoa,OH,41.5181064,-83.359094
Girard,OH,41.1540381,-80.7009406
Grafton,OH,41.2725522,-82.0545892
Greenville,OH,40.1023909,-84.6332986
Groveport,OH,39.8522449,-82.8868636
Hannibal,OH,39.6675391,-80.8721268
Harrison,OH,39.2619989,-84.8184758
Hebron,OH,39.9617305,-82.4912676
Holland,OH,41.621718,-83.711604
Hubbard,OH,41.1564626,-80.5689493
Ironton,OH,38.5367471,-82.6829406
Jackson,OH,39.0520169,-82.6365537
Jeffersonville,OH,39.6536719,-83.5638094
Kent,OH,41.1513108,-81.3578047
Kingsville,OH,41.890774,-80.6766179
Lancaster,OH,39.7136754,-82.5993294
Lebanon,OH,39.4353373,-84.2029922
Lima,OH,40.7399785,-84.105006
Lockbourne,OH,39.8092301,-82.972404
London,OH,39.8864493,-83.448253
Lore City,OH,39.9847938,-81.4584523
Lowellville,OH,41.0359418,-80.5362257
Madison,OH,41.7712388,-81.0498131
Malvern,OH,40.6917271,-81.1812148
Mansfield,OH,40.75839,-82.5154471
Mantua,OH,41.283944,-81.223991
Marengo,OH,40.4008945,-82.8107329
Marietta,OH,39.4167742,-81.4548392
Marion,OH,40.5886259,-83.1287349
Mason,OH,39.3600586,-84.309939
Massillon,OH,40.7965119,-81.5231597
Maumee,OH,41.5628294,-83.6538244
Mendon,OH,40.673381,-84.5188439
Middletown,OH,39.516644,-84.4041725
Millbury,OH,41.5659599,-83.4248634
Millersport,OH,39.9000639,-82.534048
Monroe,OH,39.4432691,-84.363365
Monroeville,OH,41.2442202,-82.6962926
Montpelier,OH,41.5844951,-84.6055076
Mount Eaton,OH,40.6945024,-81.7031847
Mount Gilead,OH,40.5492265,-82.8274015
Napoleon,OH,41.3922726,-84.1252243
New Carlisle,OH,39.936014,-84.025095
New Concord,OH,39.9934992,-81.7338559
New Paris,OH,39.8569934,-84.7932918
New Philadelphia,OH,40.4897871,-81.4456706
New Springfield,OH,40.917222,-80.6058743
Newcomerstown,OH,40.2722923,-81.6059541
Newton Falls,OH,41.18839,-80.978147
North Baltimore,OH,41.1828302,-83.6782668
North Canton,OH,40.875891,-81.4023356
North Jackson,OH,41.1001272,-80.8571741
North Lima,OH,40.9482165,-80.658496
Norwalk,OH,41.2424219,-82.6155745
Oregon,OH,41.6436603,-83.4868768
Orrville,OH,40.8436664,-81.7640212
Parkman,OH,41.3703436,-81.063885
Paulding,OH,41.1381051,-84.5805082
Perrysburg,OH,41.5571178,-83.6279321
Port Clinton,OH,41.5119954,-82.9376919
Quaker City,OH,39.9700707,-81.2992798
Ravenna,OH,41.157557,-81.242047
Richfield,OH,41.2397772,-81.6381785
Rittman,OH,40.9723644,-81.7811745
Rockbridge,OH,39.5797876,-82.5221027
Rossford,OH,41.6097726,-83.5643782
Sandusky,OH,41.4561002,-82.7115813
Sardinia,OH,39.0078448,-83.8085377
Seville,OH,41.010077,-81.8622222
Shelby,OH,40.881436,-82.6618953
Sidney,OH,40.284241,-84.1555267
South Vienna,OH,39.9270046,-83.6124236
Springfield,OH,39.9234046,-83.810138
Steubenville,OH,40.3600714,-80.6151034
Strasburg,OH,40.5947844,-81.5267864
Sunbury,OH,40.2425623,-82.8590673
Tiffin,OH,41.114485,-83.1779537
Tipp City,OH,39.961325,-84.1700609
Toledo,OH,41.6529143,-83.5378173
Troy,OH,40.0394982,-84.2032767
Twinsburg,OH,41.3125552,-81.4401129
Upper Sandusky,OH,40.8272785,-83.2813089
Vandalia,OH,39.8906122,-84.1988308
Wadsworth,OH,41.0256101,-81.7298519
Wapakoneta,OH,40.5678265,-84.1935594
Warren,OH,41.2367955,-80.8190423
Waterville,OH,41.5008859,-83.7182701
Wauseon,OH,41.546069,-84.1362047
Waverly,OH,39.126735,-82.9854553
West Unity,OH,41.586162,-84.4349491
Willard,OH,41.0531134,-82.7262958
Willoughby,OH,41.6397696,-81.4065011
Wilmington,OH,39.4453393,-83.8285375
Wooster,OH,40.7980976,-81.9397733
Youngstown,OH,41.1035786,-80.6520161
Zanesville,OH,39.9401426,-82.005019
Ada,OK,34.7743383,-96.6783651
Afton,OK,36.6939077,-94.9628672
Allen,OK,34.8789766,-96.4125075
Altus,OK,34.6381255,-99.3339754
Alva,OK,36.8030501,-98.6660278
Anadarko,OK,35.0725323,-98.243981
Ardmore,OK,34.1729273,-97.1309119
Arnett,OK,36.1349641,-99.7710699
Atoka,OK,34.383855,-96.1289831
Bartlesville,OK,36.7509272,-95.9771779
Big Cabin,OK,36.5378651,-95.221358
Billings,OK,36.5289239,-97.4439362
Blackwell,OK,36.8018163,-97.2861191
Boise City,OK,36.7297888,-102.513132
Braman,OK,36.9236404,-97.3336552
Broken Arrow,OK,36.0525993,-95.7908195
Broken Bow,OK,34.0298629,-94.7389659
Calera,OK,33.9345433,-96.4286022
Calumet,OK,35.6008883,-98.1188072
CHANDLER,OK,35.7032002,-96.880011
Checotah,OK,35.4700917,-95.5230691
Cherokee,OK,36.7544746,-98.3567403
Chickasha,OK,35.0512159,-97.9370036
Choctaw,OK,35.4975654,-97.2689263
Chouteau,OK,36.1859301,-95.3430239
Clinton,OK,35.5156056,-98.9673069
Copan,OK,36.8975794,-95.9260927
Davis,OK,34.5034796,-97.1188924
Dewey,OK,36.7959193,-95.9355387
Drumright,OK,35.9884013,-96.6011294
Duncan,OK,34.5023029,-97.9578129
Durant,OK,33.9919761,-96.3776762
Edmond,OK,35.6571367,-97.4649038
El Reno,OK,35.532198,-97.9550578
Elk City,OK,35.4140081,-99.4138648
Enid,OK,36.3967623,-97.8791341
Erick,OK,35.212709,-99.8690567
Eufaula,OK,35.2873764,-95.5825302
Geary,OK,35.6302132,-98.3184548
Grant,OK,33.9428033,-95.5150389
Guthrie,OK,35.8789231,-97.4252772
Guymon,OK,36.6814131,-101.4814241
Heavener,OK,34.8892677,-94.600781
Hennessey,OK,36.1098677,-97.898657
Henryetta,OK,35.4396625,-95.9865145
Hinton,OK,35.4715518,-98.3556589
Hooker,OK,36.8609639,-101.214077
Hugo,OK,34.0106208,-95.513122
Idabel,OK,33.8956647,-94.8263281
Kingfisher,OK,35.8575681,-97.9338168
Kiowa,OK,34.7206516,-95.8991586
Lawton,OK,34.6051975,-98.3952279
Lindsay,OK,34.8347959,-97.6025319
Madill,OK,34.0902508,-96.7715618
Marietta,OK,33.937045,-97.1166788
Marlow,OK,34.6477329,-97.9579447
McAlester,OK,34.9334981,-95.7697934
Muldrow,OK,35.4062034,-94.5988306
Muskogee,OK,35.7478769,-95.3696909
Newcastle,OK,35.2472869,-97.59976
Newkirk,OK,36.8823649,-97.0536785
Ninnekah,OK,34.9478454,-97.9239308
Norman,OK,35.2225717,-97.4394816
Nowata,OK,36.700645,-95.6380341
Okemah,OK,35.4325854,-96.3050064
Oklahoma City,OK,35.4729886,-97.5170536
Okmulgee,OK,35.6230879,-95.9719711
Oologah,OK,36.4470387,-95.7083151
Pauls Valley,OK,34.7392055,-97.218509
Pawnee,OK,36.3384025,-96.8031766
Perkins,OK,35.9740886,-97.0337692
Perry,OK,36.2907352,-97.288396
Poteau,OK,35.0568053,-94.6199966
Pryor,OK,36.3084275,-95.3169136
Randlett,OK,34.1773143,-98.4636659
Red Rock,OK,36.4592083,-97.1789322
Roland,OK,35.4212021,-94.5146616
S Coffeyville,OK,36.9945248,-95.6202552
Sapulpa,OK,36.0005035,-96.1049612
Sayre,OK,35.2979543,-99.6399648
Seiling,OK,36.1480287,-98.9244672
Seminole,OK,35.2300087,-96.6762229
Shattuck,OK,36.2739613,-99.8779598
Shawnee,OK,35.3272928,-96.9253004
Springer,OK,34.313287,-97.139878
Stillwater,OK,36.1156306,-97.0585717
Stringtown,OK,34.46676,-96.0533252
Stroud,OK,35.7477749,-96.6566742
Texhoma,OK,36.5049779,-101.785748
Thackerville,OK,33.7955237,-97.1438728
Thomas,OK,35.7442157,-98.747584
Tonkawa,OK,36.6783679,-97.3100442
Tulsa,OK,36.1563122,-95.9927516
Tupelo,OK,34.6048136,-96.4241692
Union City,OK,35.3917233,-97.9414364
Valliant,OK,34.0023293,-95.0938386
Vinita,OK,36.6408372,-95.156363
Walters,OK,34.3598075,-98.3078258
Warner,OK,35.494675,-95.3060603
Watonga,OK,35.8483867,-98.4133205
Watts,OK,36.1092487,-94.5702202
Waurika,OK,34.1670371,-97.997536
Weatherford,OK,35.5261633,-98.7075744
Webbers Falls,OK,35.5109296,-95.1299597
Welch,OK,36.8745952,-95.0937744
Woodward,OK,36.4337555,-99.3904708
Wynnewood,OK,34.6434171,-97.1644656
Yukon,OK,35.5067259,-97.7625386
Albany,OR,44.6365071,-123.1059324
Aurora,OR,45.2310497,-122.755035
Baker City,OR,44.7748748,-117.834384
Boardman,OR,45.839855,-119.700583
Halsey,OR,44.3796117,-123.110065
Hermiston,OR,45.8404101,-119.28946
Huntington,OR,44.3511565,-117.2663408
La Grande,OR,45.3246068,-118.0878695
Madras,OR,44.6334544,-121.129487
Ontario,OR,44.0265525,-116.9629378
Pendleton,OR,45.672075,-118.7885967
Portland,OR,45.5202471,-122.674194
Salem,OR,44.9391565,-123.033121
Stanfield,OR,45.7804098,-119.217235
Troutdale,OR,45.5392862,-122.3873133
Umatilla,OR,45.9173549,-119.342517
Wasco,OR,45.5917107,-120.698155
Alexandria,PA,40.5564586,-78.0977847
Allentown,PA,40.6022552,-75.4716115
Altoona,PA,40.5193586,-78.3968299
Annville,PA,40.3295901,-76.515226
Ashland,PA,40.7817542,-76.3457825
Avis,PA,41.1847939,-77.3138622
Baden,PA,40.6350668,-80.2281159
Bedford,PA,40.0186921,-78.5039069
Bellefonte,PA,40.9134862,-77.7737471
Bensalem,PA,40.1045549,-74.951279
Bentleyville,PA,40.1167387,-80.0083855
Bethel,PA,40.3442363,-80.0428314
Blairsville,PA,40.4309926,-79.2626157
Blakeslee,PA,41.0925133,-75.5926681
Bloomsburg,PA,41.0044958,-76.4537302
Blossburg,PA,41.6795186,-77.0638567
Bowmansville,PA,40.1967609,-76.0174416
Breezewood,PA,39.9990119,-78.2404221
Brogue,PA,39.8723546,-76.4846387
Brookville,PA,41.1604348,-79.0794702
Carlisle,PA,40.201499,-77.1890783
Chambersburg,PA,39.9375112,-77.6612586
Clairton,PA,40.2922938,-79.8817181
Claysburg,PA,40.2967427,-78.449737
Clearfield,PA,41.0272796,-78.4391876
Cochranton,PA,41.5200534,-80.0483929
Coopersburg,PA,40.51146,-75.3903376
Coudersport,PA,41.7728108,-78.0192691
Crescent,PA,39.8962492,-75.175164
Croydon,PA,40.0873329,-74.9034996
Dalton,PA,41.5342441,-75.7360253
Donegal,PA,40.112573,-79.3825351
Douglassville,PA,40.2578714,-75.7263008
Drums,PA,41.018139,-75.9949252
Du Bois,PA,39.9938139,-75.1749158
Duncannon,PA,40.3931433,-77.0325751
Duncansville,PA,40.4234058,-78.433903
East Berlin,PA,39.937597,-76.9785892
East Earl,PA,40.1100978,-76.0327246
East Freedom,PA,40.3575744,-78.4297365
Ebensburg,PA,40.4852783,-78.7248434
Eighty Four,PA,40.1827171,-80.1331455
Elverson,PA,40.1568172,-75.8330943
Emlenton,PA,41.1771825,-79.7099076
Erie,PA,42.1294712,-80.0852695
Etters,PA,40.2245912,-76.8980809
Everett,PA,40.0114711,-78.3733484
Fairless Hills,PA,40.1795537,-74.8551644
Falls Creek,PA,41.1414445,-78.8057471
Fayetteville,PA,39.9111965,-77.5500296
Feasterville Trevose,PA,40.1484058,-74.9934733
Fleetwood,PA,40.4539828,-75.8179764
Gap,PA,39.987325,-76.0205073
Gettysburg,PA,39.8308973,-77.231012
Gouldsboro,PA,41.245961,-75.4555084
Greencastle,PA,39.790371,-77.7277714
Greentown,PA,41.321755,-75.3054585
Hamburg,PA,40.5553081,-75.9824083
Harford,PA,41.7821907,-75.7010563
Harrisburg,PA,40.2663107,-76.8861122
Harrisville,PA,41.1367335,-80.0092442
Hazleton,PA,40.9548956,-75.9769572
Hermitage,PA,41.2333897,-80.44868
Hershey,PA,40.2854881,-76.6506001
Jim Thorpe,PA,40.8636074,-75.7386948
Jonestown,PA,40.4137303,-76.4783501
Kane,PA,41.6628394,-78.8111427
King Of Prussia,PA,40.0851221,-75.3888122
Kutztown,PA,40.5173165,-75.7774177
Lake Ariel,PA,41.4539745,-75.382681
Lamar,PA,41.0161767,-77.5311034
Lancaster,PA,40.0379958,-76.3056707
Lawrenceville,PA,40.467569,-79.9606078
Lebanon,PA,40.3429683,-76.4233816
Leesport,PA,40.4470377,-75.9663222
Leola,PA,40.087875,-76.1849534
Levittown,PA,40.154762,-74.8380029
Liberty,PA,40.3253474,-79.8561591
Lock Haven,PA,41.1373067,-77.4469952
Loganton,PA,41.0347015,-77.3066113
Loretto,PA,40.5029161,-78.6314019
Manheim,PA,40.1637359,-76.3952429
Marietta,PA,40.0570441,-76.5521344
Mc Kees Rocks,PA,40.4656244,-80.0656106
Mechanicsburg,PA,40.2101972,-77.0047276
Mercersburg,PA,39.8282214,-77.9037226
Middlebury Center,PA,41.8436841,-77.2744202
Middletown,PA,40.1701367,-74.8851959
Mifflintown,PA,40.5697996,-77.3969339
Mifflinville,PA,41.029534,-76.3077834
Milesburg,PA,40.9417272,-77.7850022
Mill Hall,PA,41.107876,-77.4848105
Milroy,PA,40.7140863,-77.5896576
Milton,PA,41.0177269,-76.853084
Monaca,PA,40.6872885,-80.2714505
Monroeton,PA,41.7125751,-76.4746649
Monroeville,PA,40.4335167,-79.7606192
Morrisville,PA,40.20824,-74.7755065
Mount Morris,PA,39.7330025,-80.0685773
Mountain Top,PA,40.1067654,-75.9527208
Mountville,PA,40.0392642,-76.4307964
Muncy,PA,41.20484,-76.7870991
Myerstown,PA,40.3752942,-76.3034556
Nanty Glo,PA,40.471514,-78.834566
Natrona Heights,PA,40.621456,-79.7277765
New Alexandria,PA,40.3949675,-79.4204949
New Cumberland,PA,40.2284433,-76.8673781
New Milford,PA,41.8761434,-75.7265607
New Stanton,PA,40.2192258,-79.6097255
Newburg,PA,40.8354038,-78.6769829
North East,PA,42.2150373,-79.8358415
Orwigsburg,PA,40.6548566,-76.1007318
Perryopolis,PA,40.0871147,-79.7507138
Philadelphia,PA,39.9527237,-75.1635262
Pine Grove,PA,40.5484233,-76.3846781
Pittsburgh,PA,40.4406968,-80.0025666
Pittston,PA,41.3259134,-75.7893604
Plainfield,PA,40.203143,-77.2899837
Portersville,PA,40.9255114,-80.1442551
Reedsville,PA,40.6639587,-77.595828
Ronks,PA,40.0262104,-76.168566
Saint Thomas,PA,39.9175908,-77.7977726
Sayre,PA,41.9819616,-76.5140508
Sharon Hill,PA,39.9063027,-75.2721402
Shippensburg,PA,40.0507198,-77.5205485
Shippenville,PA,41.252561,-79.4619452
Shoemakersville,PA,40.5009269,-75.9699332
Slippery Rock,PA,41.0663454,-80.0569436
Smithton,PA,40.1539613,-79.7411535
Snow Shoe,PA,41.0308914,-77.9494489
Somerset,PA,40.008411,-79.0780831
Stockertown,PA,40.754456,-75.2615618
Strasburg,PA,39.9831559,-76.1841226
Tafton,PA,41.404534,-75.1829535
Tamaqua,PA,40.7974296,-75.9696186
Towanda,PA,41.7673567,-76.44291
Troy,PA,41.7861639,-76.7873891
Tunkhannock,PA,41.5385159,-75.946844
Uniontown,PA,39.900937,-79.725931
Verona,PA,40.5064571,-79.843105
Warren,PA,41.8438079,-79.1449601
Waterfall,PA,40.1275826,-78.0627822
Wayne,PA,40.0440149,-75.3878616
Waynesburg,PA,39.8956327,-80.1848304
White Haven,PA,41.06064,-75.774082
Wrightsville,PA,40.0266809,-76.5334387
Wysox,PA,41.7745124,-76.399314
York,PA,39.962493,-76.7276989
York Springs,PA,40.0089827,-77.1155359
Johnston,RI,41.8310404,-71.5412101
West Greenwich,RI,41.6226185,-71.6657892
Abbeville,SC,34.1779495,-82.3792463
Aiken,SC,33.5616173,-81.7224579
Anderson,SC,34.5068601,-82.6506264
Aynor,SC,33.9998881,-79.1994874
Batesburg,SC,33.9079201,-81.5473262
Beech Island,SC,33.4280649,-81.8891583
Bennettsville,SC,34.6173516,-79.684768
Bishopville,SC,34.2182107,-80.2484056
Blacksburg,SC,35.1212409,-81.5159246
Blythewood,SC,34.2143159,-80.973977
Bowman,SC,33.3487699,-80.6828713
Branchville,SC,33.2512711,-80.8156518
Campobello,SC,35.1158728,-82.149935
Cayce,SC,33.9657091,-81.0739827
Charleston,SC,32.7884363,-79.9399309
Chesnee,SC,35.1484549,-81.8609371
Clinton,SC,34.4726277,-81.8806562
Columbia,SC,34.000754,-81.0352313
Conway,SC,33.8360035,-79.0478143
Cowpens,SC,35.0167918,-81.8039916
Darlington,SC,34.3028537,-79.8710831
Dillon,SC,34.4165391,-79.3713948
Duncan,SC,34.9378962,-82.1451096
Elgin,SC,34.1709826,-80.794252
Enoree,SC,34.6565154,-81.9650977
Fair Play,SC,34.5112129,-82.9854253
Florence,SC,34.1984435,-79.7671658
Fort Mill,SC,35.0073697,-80.9450759
Fountain Inn,SC,34.6925263,-82.1987922
Gaffney,SC,35.0717945,-81.6498195
Gaston,SC,33.8170974,-81.1009286
Georgetown,SC,33.3738233,-79.2886403
Gilbert,SC,33.9243121,-81.3937132
Graniteville,SC,33.5637483,-81.8078887
Greenville,SC,34.851354,-82.3984882
Greenwood,SC,34.1954001,-82.1617883
Greer,SC,34.9381361,-82.2272119
Hardeeville,SC,32.2802665,-81.0726108
Harleyville,SC,33.2146069,-80.4478745
Hartsville,SC,34.3740431,-80.0734005
Hemingway,SC,33.7537774,-79.4475566
Honea Path,SC,34.4465018,-82.3915122
Inman,SC,35.047841,-82.0906082
Jamestown,SC,33.2860005,-79.6925716
Johns Island,SC,32.69485,-80.03425
Ladson,SC,32.9857275,-80.1098123
Lancaster,SC,34.7204257,-80.7709015
Latta,SC,34.3371047,-79.4311616
Laurens,SC,34.4989248,-82.0156362
Leesville,SC,33.916532,-81.5134368
Lexington,SC,33.9804494,-81.2374167
Longs,SC,33.9385274,-78.7330522
Loris,SC,34.0562812,-78.8903044
Lugoff,SC,34.2273712,-80.6892487
Manning,SC,33.6952318,-80.2107811
Marion,SC,34.178216,-79.4006069
Moncks Corner,SC,33.1960027,-80.0131374
Newberry,SC,34.2753247,-81.6188633
North Augusta,SC,33.4943487,-81.9705909
North Charleston,SC,32.8546197,-79.9748103
Orangeburg,SC,33.4918203,-80.8556476
Pageland,SC,34.7719578,-80.3914661
Pelzer,SC,34.6423372,-82.4559598
Piedmont,SC,34.7023389,-82.4645714
Prosperity,SC,34.2098669,-81.5338576
Ravenel,SC,32.7632321,-80.2500986
Richburg,SC,34.716394,-81.0189337
Rock Hill,SC,34.9248667,-81.0250784
Roebuck,SC,34.8826085,-81.965471
Round O,SC,32.9371151,-80.5409352
Saint George,SC,33.1859958,-80.5756534
Saint Matthews,SC,33.664876,-80.7778681
Saint Stephen,SC,33.4043339,-79.9217432
Simpsonville,SC,34.7373045,-82.255371
Society Hill,SC,34.5126567,-79.8508976
Spartanburg,SC,34.9498007,-81.9320157
Summerton,SC,33.6082323,-80.35126
Summerville,SC,33.0186699,-80.1762704
Sumter,SC,33.9204354,-80.3414693
Timmonsville,SC,34.1348782,-79.9397885
Townville,SC,34.5637137,-82.8984775
Travelers Rest,SC,34.9676167,-82.4434548
Trenton,SC,33.7416558,-81.8423388
Walterboro,SC,32.9021377,-80.6672631
West Columbia,SC,33.991869,-81.0640341
Williston,SC,33.4022393,-81.42323
Winnsboro,SC,34.3807012,-81.0864776
Yemassee,SC,32.6901781,-80.8506626
Aberdeen,SD,45.4649805,-98.487813
Belle Fourche,SD,44.6731329,-103.8517342
Beresford,SD,43.0806132,-96.7742341
Blunt,SD,44.5130395,-99.9859665
Box Elder,SD,44.1333603,-103.0646025
Brandon,SD,43.5909294,-96.5874544
Brookings,SD,44.311461,-96.79844
Burbank,SD,42.745276,-96.8292077
Chamberlain,SD,43.8109313,-99.330243
Colman,SD,43.982472,-96.814497
Elk Point,SD,42.686532,-96.6829215
Fort Pierre,SD,44.35352,-100.373824
Freeman,SD,43.352487,-97.437286
Harrisburg,SD,43.4313466,-96.6985231
Hartford,SD,43.6225937,-96.9458791
Hermosa,SD,43.839867,-103.191374
Hot Springs,SD,43.431646,-103.474363
Huron,SD,44.36308,-98.214388
Kadoka,SD,43.833882,-101.509866
Kimball,SD,43.746665,-98.958426
Lennox,SD,43.3541831,-96.8918394
Milbank,SD,45.219131,-96.635617
Mitchell,SD,43.70953,-98.025379
Murdo,SD,43.888322,-100.712914
New Underwood,SD,44.09332,-102.836282
North Sioux City,SD,42.5246831,-96.4872384
Piedmont,SD,44.231653,-103.3890753
Pierre,SD,44.3683644,-100.351136
Plankinton,SD,43.714461,-98.485005
Rapid City,SD,44.0806041,-103.228023
Selby,SD,45.506379,-100.032066
Sioux Falls,SD,43.5476008,-96.7293629
Spencer,SD,43.7255241,-97.5937957
Summit,SD,45.304406,-97.036466
Tea,SD,43.44661,-96.836034
Vivian,SD,43.926951,-100.3020925
Volga,SD,44.32358,-96.926448
Watertown,SD,44.899211,-97.115289
Winfred,SD,43.997197,-97.362288
Wolsey,SD,44.407763,-98.474816
Yankton,SD,42.8712938,-97.3967011
Antioch,TN,36.0600602,-86.6722192
Ardmore,TN,34.9922618,-86.8436773
Athens,TN,35.4428864,-84.5930113
Baxter,TN,36.1537731,-85.643399
Bristol,TN,36.5945034,-82.1885212
Bulls Gap,TN,36.2535742,-83.086061
Cedar Grove,TN,36.2517196,-86.5277724
Charleston,TN,35.2858415,-84.7575018
Chattanooga,TN,35.0457219,-85.3094883
Christiana,TN,35.7100099,-86.3993653
Clarksville,TN,36.5277607,-87.3588703
Cleveland,TN,35.1595182,-84.8766115
Clinton,TN,36.1034126,-84.1318632
Columbia,TN,35.6148165,-87.0338464
Cookeville,TN,36.1623886,-85.4997057
Cornersville,TN,35.3614649,-86.8397237
Cross Plains,TN,36.5486597,-86.6961102
Crossville,TN,35.949684,-85.0274835
Crump,TN,35.2217482,-88.3180946
Cumberland City,TN,36.3933859,-87.6364056
Dandridge,TN,36.0153693,-83.4148895
Dayton,TN,35.4939587,-85.0124535
Denmark,TN,35.5328546,-89.003952
Dickson,TN,36.0766534,-87.3870096
Dyersburg,TN,36.0325216,-89.3866375
Fairview,TN,35.9820074,-87.1213953
Fayetteville,TN,35.1520267,-86.5705509
Franklin,TN,35.925206,-86.8689419
Goodlettsville,TN,36.3231067,-86.7133302
Gordonsville,TN,36.1729031,-85.9299966
Greeneville,TN,36.1631981,-82.8310464
Hartford,TN,35.8167646,-83.1432066
Heiskell,TN,36.081816,-84.0539821
Hillsboro,TN,35.4123109,-85.9715393
Holladay,TN,35.870619,-88.1458719
Hurricane Mills,TN,35.9711736,-87.781969
Jackson,TN,35.6144446,-88.8177418
Jasper,TN,35.0742448,-85.6260789
Joelton,TN,36.3131076,-86.8652772
Kingsport,TN,36.550238,-82.5594293
Kingston,TN,35.8713147,-84.5160916
Kingston Springs,TN,36.1020038,-87.1150054
Knoxville,TN,35.9603948,-83.9210261
Kodak,TN,35.9745323,-83.6268396
La Vergne,TN,36.0201984,-86.5779196
Lawrenceburg,TN,35.2423023,-87.3347389
Lebanon,TN,36.2079779,-86.2910945
Lenoir City,TN,35.7972998,-84.2560299
Loudon,TN,35.7410117,-84.336174
Manchester,TN,35.4832001,-86.0887296
Maryville,TN,35.7564719,-83.9704593
Mason,TN,35.4114328,-89.5327689
Mc Donald,TN,36.1158842,-86.7064336
Memphis,TN,35.146026,-90.0517786
Monteagle,TN,35.2403119,-85.8349902
Morrison,TN,35.602851,-85.9197071
Morristown,TN,36.2139814,-83.2948923
Mosheim,TN,36.1895439,-82.9584902
Mount Juliet,TN,36.200055,-86.5186054
Murfreesboro,TN,35.8460396,-86.3921096
Nashville,TN,36.1622767,-86.7742984
Newport,TN,35.9670412,-83.1876578
Niota,TN,35.5134072,-84.5452097
Paris,TN,36.3019461,-88.3258578
Pioneer,TN,36.4175798,-84.3140995
Pleasant View,TN,36.3942164,-87.0366685
Portland,TN,36.5817089,-86.5163833
Pulaski,TN,35.1998023,-87.0308412
Ramer,TN,35.0695303,-88.622272
Ripley,TN,35.7453551,-89.5297973
Selmer,TN,35.1700744,-88.5923645
Smyrna,TN,35.9824598,-86.5199492
Stanton,TN,35.462614,-89.402018
Sweetwater,TN,35.6014455,-84.4610552
Tazewell,TN,36.45425,-83.569352
Unicoi,TN,36.1953862,-82.3495818
Union City,TN,36.4242303,-89.0570096
White House,TN,36.4682439,-86.6536503
White Pine,TN,36.1075936,-83.2868328
Wildersville,TN,35.7814893,-88.3602512
Abbott,TX,31.8899302,-97.0870831
Abilene,TX,32.44645,-99.7475905
Aledo,TX,32.6979939,-97.6039938
Alice,TX,27.7522487,-98.0697249
Alvarado,TX,32.4065747,-97.2119146
Alvord,TX,33.3541879,-97.6944884
Amarillo,TX,35.20729,-101.8371192
Anahuac,TX,29.7713308,-94.6785092
Andrews,TX,32.3187158,-102.545715
Anna,TX,33.3496662,-96.5547038
Anthony,TX,31.9956534,-106.596817
Asherton,TX,28.4464946,-99.7620766
Aspermont,TX,33.1382394,-100.228715
Aubrey,TX,33.3142085,-96.9756323
Austin,TX,30.2711286,-97.7436995
Azle,TX,32.8975875,-97.5437799
Baird,TX,32.3946111,-99.3963478
Ballinger,TX,31.7411047,-99.9530698
Bangs,TX,31.7170958,-99.1325529
Bastrop,TX,30.1104947,-97.3152701
Beaumont,TX,30.0829344,-94.0984277
Beeville,TX,28.4008319,-97.7483312
Belton,TX,31.0560132,-97.464453
Benjamin,TX,33.5841372,-99.7914388
Big Lake,TX,31.1954739,-101.4592746
Big Spring,TX,32.250398,-101.4787356
Blanco,TX,30.1007035,-98.4220602
Bogata,TX,33.4711597,-95.2144967
Borger,TX,35.6689767,-101.3919481
Bowie,TX,33.558993,-97.8484719
Brady,TX,31.1316876,-99.3348678
Breckenridge,TX,32.7554791,-98.9026798
Brenham,TX,30.1668828,-96.3977442
Bridgeport,TX,33.2101155,-97.7547552
Bronte,TX,31.8873671,-100.29176
Brownfield,TX,33.1811661,-102.274237
Brownsville,TX,25.9024289,-97.4981698
Brownwood,TX,31.7208509,-98.9818701
Bryan,TX,30.6743643,-96.3699632
Buda,TX,30.082475,-97.8417144
Buffalo,TX,31.4634891,-96.0641283
Buna,TX,30.4368977,-93.964566
Burnet,TX,30.7608552,-98.2239954
Caddo Mills,TX,33.065668,-96.2278201
Caldwell,TX,30.5305813,-96.6969703
Cameron,TX,30.8532454,-96.9769304
Canadian,TX,35.9120114,-100.3839018
Canton,TX,32.5386046,-95.861812
Canutillo,TX,31.9124684,-106.598098
Canyon,TX,34.9789849,-101.9281915
Carrizo Springs,TX,28.5249088,-99.8616529
Carrollton,TX,32.9515472,-96.9034244
Carthage,TX,32.1570412,-94.338114
Castroville,TX,29.3565001,-98.8788844
Catarina,TX,28.3455475,-99.6133788
Cedar Creek,TX,30.0871611,-97.5008303
Centerville,TX,31.2578221,-95.9785301
Chappell Hill,TX,30.141529,-96.2567185
Childress,TX,34.4258151,-100.205399
Chillicothe,TX,34.2537085,-99.5111446
Cisco,TX,32.3881293,-98.9793386
Clarendon,TX,34.9359346,-100.8905829
Claude,TX,35.1081103,-101.362741
Clifton,TX,31.7800712,-97.5793301
Clint,TX,31.5900742,-106.227871
Clyde,TX,32.4059605,-99.4936912
Coleman,TX,31.8310249,-99.4244712
Colorado City,TX,32.3930337,-100.86351
Comanche,TX,31.8975584,-98.6040074
Combes,TX,26.2486851,-97.7338816
Comfort,TX,29.967715,-98.9050337
Converse,TX,29.5180081,-98.3161241
Corpus Christi,TX,27.7635302,-97.4033191
Corrigan,TX,30.9968565,-94.8271527
Corsicana,TX,32.0938236,-96.464675
Cotulla,TX,28.4358692,-99.2350791
Crane,TX,31.39572,-102.3521214
Cross Plains,TX,32.1262459,-99.1654444
Crowell,TX,33.9872886,-99.7225904
Cuero,TX,29.0938036,-97.2900564
Daingerfield,TX,33.0318031,-94.7219895
Dalhart,TX,36.0616092,-102.522223
Dallas,TX,32.7762719,-96.7968559
De Leon,TX,32.1104362,-98.5371496
Decatur,TX,33.2342834,-97.5861393
Del Rio,TX,29.357515,-100.8987707
Denison,TX,33.7556593,-96.536658
Denton,TX,33.215038,-97.1330431
Denver City,TX,32.9679571,-102.8293851
Devine,TX,29.1399633,-98.905306
Diboll,TX,31.1871319,-94.7810412
Dilley,TX,28.6695971,-99.1672017
Donna,TX,26.1702082,-98.0522376
Dripping Springs,TX,30.1902067,-98.0866781
Dublin,TX,32.086135,-98.3422331
Dumas,TX,35.8614779,-101.9713726
Eagle Pass,TX,28.709211,-100.4992936
Early,TX,31.742096,-98.9456052
Eastland,TX,32.4006299,-98.8194482
Eden,TX,31.2161476,-99.8454772
Edinburg,TX,26.3013982,-98.1624501
El Paso,TX,31.7601001,-106.4870476
Electra,TX,34.0320855,-98.9163686
Elgin,TX,30.3495084,-97.371118
Elmendorf,TX,29.2560731,-98.3327903
Encinal,TX,28.0406329,-99.3552096
Ennis,TX,32.3293111,-96.6252679
Fabens,TX,31.5044312,-106.1508395
Fairfield,TX,31.7244035,-96.1648789
Falfurrias,TX,27.2247328,-98.1462397
Flatonia,TX,29.6868046,-97.1071039
Floresville,TX,29.1335781,-98.1561192
Fort Stockton,TX,30.891901,-102.883662
Fort Worth,TX,32.753177,-97.3327459
Franklin,TX,31.0260194,-96.4852445
Freer,TX,27.8781306,-98.6142095
Friona,TX,34.6396312,-102.72117
Fritch,TX,35.6397656,-101.603228
Gainesville,TX,33.6248484,-97.142753
Garland,TX,32.912624,-96.6388833
Gatesville,TX,31.4351645,-97.743911
George West,TX,28.3318242,-98.1171612
Georgetown,TX,30.6370152,-97.6775634
Giddings,TX,30.1830498,-96.9366112
Glen Rose,TX,32.2340767,-97.7550003
Godley,TX,32.449029,-97.5266886
Goldthwaite,TX,31.4508098,-98.570017
Gonzales,TX,29.5068721,-97.4496293
Gordon,TX,32.5484637,-98.3692161
Granbury,TX,32.4426759,-97.7870525
Grand Prairie,TX,32.7459645,-96.9977846
Haltom City,TX,32.7995738,-97.2691817
Hamilton,TX,31.7030549,-98.1237815
Hamshire,TX,29.861608,-94.3124092
Hankamer,TX,29.8582755,-94.6268618
Harlingen,TX,26.1907543,-97.6960599
Harrold,TX,34.0809059,-99.0316233
Haskell,TX,33.1605761,-99.7345168
Haslet,TX,32.9744464,-97.3482592
Hawley,TX,32.6133723,-99.8130377
Hearne,TX,30.8788819,-96.5962378
Hebbronville,TX,27.3103306,-98.6798475
Henrietta,TX,33.8166258,-98.194682
Hereford,TX,34.8245521,-102.398778
Hermleigh,TX,32.6354615,-100.7591342
Hewitt,TX,31.4623065,-97.1957023
Hidalgo,TX,26.1019892,-98.2577597
Hillsboro,TX,32.0108506,-97.1303744
Hondo,TX,29.3474121,-99.1412026
Hooks,TX,33.4696541,-94.2859652
Horseshoe Bay,TX,30.5442091,-98.3669797
Huntsville,TX,30.7235263,-95.5507771
Hutchins,TX,32.6473628,-96.7118951
Hutto,TX,30.5427638,-97.5468898
Idalou,TX,33.662271,-101.684114
Ingleside,TX,27.876615,-97.2098831
Iowa Park,TX,33.9514847,-98.6686709
Irving,TX,32.8295183,-96.9442177
Italy,TX,32.1840381,-96.8847194
Jacksboro,TX,33.2187858,-98.1580978
Jacksonville,TX,31.963778,-95.2705042
Jarrell,TX,30.8249094,-97.604454
Jasper,TX,30.9201995,-93.9965759
Jefferson,TX,32.7573626,-94.3451926
Joaquin,TX,31.9657232,-94.0538028
Jourdanton,TX,28.9180294,-98.5464069
Junction,TX,30.4893555,-99.7720109
Karnes City,TX,28.8849772,-97.9008356
Kemp,TX,32.4426403,-96.2299771
Kermit,TX,31.8578999,-103.0932149
Killeen,TX,31.1171441,-97.727796
Kingsville,TX,27.5158689,-97.856109
Kosse,TX,31.3076774,-96.6319231
Kyle,TX,29.9892928,-97.8772103
La Feria,TX,26.1588627,-97.8238428
La Vernia,TX,29.356348,-98.1155633
La Villa,TX,26.2986827,-97.9286117
Lamesa,TX,32.7357287,-101.9550202
Lampasas,TX,31.0644039,-98.1836796
Laredo,TX,27.5079211,-99.5069834
Leakey,TX,29.726525,-99.7624496
Lenorah,TX,32.30456,-101.8762483
Liberty,TX,30.0609147,-94.7971809
Liberty Hill,TX,30.6649119,-97.9225161
Lindale,TX,32.5156971,-95.4093998
Littlefield,TX,33.9189172,-102.332836
Livingston,TX,30.711029,-94.9329898
Llano,TX,30.752919,-98.6754992
Longview,TX,32.5007031,-94.74049
Lorena,TX,31.3865592,-97.2155596
Lott,TX,31.2061063,-97.0326706
Lubbock,TX,33.5855677,-101.8470215
Lufkin,TX,31.3386242,-94.7288558
Luling,TX,29.680314,-97.6473265
Lumberton,TX,30.2655322,-94.1991444
Lytle,TX,29.2330215,-98.797873
Madisonville,TX,30.9498688,-95.9127773
Marble Falls,TX,30.5777511,-98.2756505
Marion,TX,29.5713244,-98.1403096
Marlin,TX,31.308005,-96.8908895
Marshall,TX,32.5447756,-94.3661004
Mason,TX,30.7484761,-99.2319324
Mathis,TX,28.0942916,-97.8274111
Maxwell,TX,29.881897,-97.7956423
Mcallen,TX,26.204114,-98.2300605
Memphis,TX,34.7253581,-100.540097
Mentone,TX,31.7067317,-103.5985429
Mercedes,TX,26.1497977,-97.9136112
Meridian,TX,31.9247314,-97.6561096
Merkel,TX,32.468588,-100.014347
Mesquite,TX,32.7666103,-96.599472
Mexia,TX,31.6816183,-96.4783677
Midland,TX,31.9973662,-102.077948
Midlothian,TX,32.482361,-96.9944489
Milford,TX,32.1245956,-96.945277
Millsap,TX,32.7481864,-98.0092093
Mineral Wells,TX,32.8091732,-98.1129179
Mission,TX,26.2159066,-98.3252932
Monahans,TX,31.5890519,-102.8861902
Moore,TX,29.0564311,-99.0074768
Morton,TX,33.725154,-102.759394
Mount Enterprise,TX,31.9179473,-94.6810439
Mount Pleasant,TX,33.1570582,-94.9694007
Mount Vernon,TX,33.1890841,-95.2214564
Muleshoe,TX,34.226486,-102.7239208
Nacogdoches,TX,31.6037322,-94.6559702
Natalia,TX,29.1888671,-98.8581169
Navasota,TX,30.3885033,-96.0880028
Nederland,TX,29.9743803,-93.9923965
New Boston,TX,33.4598415,-94.4154787
New Braunfels,TX,29.7028266,-98.1257348
New Deal,TX,33.7373052,-101.836558
Nixon,TX,29.2696579,-97.7625132
Odem,TX,27.9503135,-97.5832437
Odessa,TX,31.8457149,-102.367687
Odonnell,TX,32.9654876,-101.828617
Olmito,TX,26.0194434,-97.5347089
Orange,TX,30.0929879,-93.7365549
Orange Grove,TX,27.9566843,-97.9369447
Orla,TX,31.8250149,-103.9090099
Ozona,TX,30.7103053,-101.203296
Paige,TX,30.2116519,-97.1132832
Palmer,TX,32.431252,-96.66777
Pampa,TX,35.536297,-100.9601552
Panhandle,TX,35.3454637,-101.3806571
Paris,TX,33.6617962,-95.555513
Pearsall,TX,28.8921939,-99.095033
Pecos,TX,31.4254143,-103.4952894
Perryton,TX,36.3910229,-100.8059035
Pflugerville,TX,30.4393696,-97.6200043
Pharr,TX,26.1947962,-98.1836216
Plains,TX,33.1892387,-102.827274
Plainview,TX,34.1847936,-101.706841
Pleasanton,TX,28.967194,-98.4786269
Post,TX,33.1909246,-101.380662
Prairie Hill,TX,30.2488239,-96.3771874
Premont,TX,27.3605947,-98.1236151
Pyote,TX,31.5366066,-103.126191
Quanah,TX,34.2937246,-99.7423674
Queen City,TX,33.1487411,-94.150187
Ranger,TX,32.4705727,-98.6808223
Rankin,TX,31.2248015,-101.941472
Red Oak,TX,32.5143898,-96.8066615
Refugio,TX,28.3045305,-97.2745885
Rhome,TX,33.0534563,-97.4719662
Rice,TX,32.2437586,-96.4985967
Rio Grande City,TX,26.3827771,-98.8205251
Riviera,TX,27.2987386,-97.8143004
Roanoke,TX,33.0040126,-97.2258483
Roans Prairie,TX,30.5836549,-95.943324
Robert Lee,TX,31.8952852,-100.483126
Robstown,TX,27.7903032,-97.6688843
Rockport,TX,28.0205733,-97.0544341
Rockwall,TX,32.9312336,-96.4597089
Ropesville,TX,33.4134229,-102.15434
Roscoe,TX,32.441615,-100.539297
Round Mountain,TX,30.4315837,-98.3447448
Royse City,TX,32.9761045,-96.331334
Salado,TX,30.9468791,-97.5371631
San Angelo,TX,31.4649685,-100.4405094
San Antonio,TX,29.4246002,-98.4951405
San Augustine,TX,31.5299029,-94.1060282
San Marcos,TX,29.8826436,-97.9405828
Sanger,TX,33.3631706,-97.1739028
Santa Anna,TX,31.741298,-99.3250979
Santo,TX,32.6037293,-98.2141084
Schertz,TX,29.5641617,-98.2695702
Seagoville,TX,32.6447916,-96.5418608
Seguin,TX,29.5688411,-97.9647269
Seminole,TX,32.7167351,-102.6490967
Seymour,TX,33.5942438,-99.2603073
Shamrock,TX,35.2142167,-100.249007
Sierra Blanca,TX,31.1778312,-105.357627
Silverton,TX,34.4713299,-101.304654
Sinton,TX,28.0367242,-97.5092297
Slaton,TX,33.4343676,-101.643524
Smyer,TX,33.5842563,-102.163229
Snyder,TX,32.7180803,-100.918231
Sonora,TX,30.5667344,-100.642859
Sour Lake,TX,30.1402122,-94.4110239
Springtown,TX,32.9659566,-97.6836384
Spur,TX,33.4764767,-100.855685
Stamford,TX,32.944882,-99.802453
Stanton,TX,32.1292891,-101.788464
Stephenville,TX,32.2201387,-98.2045388
Sterling City,TX,31.8384837,-100.9850761
Stockdale,TX,29.2339501,-97.9607748
Stratford,TX,36.3361403,-102.072119
Sudan,TX,34.0671235,-102.5244433
Sulphur Springs,TX,33.1384886,-95.6010143
Sweetwater,TX,32.4709519,-100.405938
Teague,TX,31.6271145,-96.2838621
Temple,TX,31.0983747,-97.3429563
Tenaha,TX,31.9437799,-94.2440865
Terrell,TX,32.7359626,-96.2752569
Texarkana,TX,33.4466208,-94.0765653
Texline,TX,36.3781749,-103.02193
Three Rivers,TX,28.4647614,-98.1809755
Tilden,TX,28.4600647,-98.5482896
Timpson,TX,31.9037814,-94.3952022
Trenton,TX,33.4306652,-96.3385926
Trinity,TX,30.9451862,-95.375496
Troy,TX,31.2046542,-97.3003176
Tulia,TX,34.5390629,-101.767781
Tuscola,TX,32.2079942,-99.7961319
Tye,TX,32.4545421,-99.8685101
Uvalde,TX,29.2098024,-99.7859936
Van Horn,TX,31.0429718,-104.831628
Vega,TX,35.24603,-102.4252734
Vernon,TX,34.1513105,-99.2860857
Vidor,TX,30.1313283,-94.0148021
Von Ormy,TX,29.286868,-98.6482144
Waco,TX,31.5545147,-97.1325618
Wall,TX,31.3743455,-100.30366
Waxahachie,TX,32.3944908,-96.8439365
Weatherford,TX,32.7589648,-97.7970748
Weslaco,TX,26.1594305,-97.9907362
White Deer,TX,35.4309215,-101.174762
Whitesboro,TX,33.6558015,-96.9068601
Whitney,TX,31.951823,-97.3214012
Wichita Falls,TX,33.9004572,-98.5020777
Wickett,TX,31.568947,-103.0037
Wilmer,TX,32.5890243,-96.6852724
Winfield,TX,33.1675509,-95.1118483
Wink,TX,31.7534049,-103.15583
Winnie,TX,29.8202205,-94.3840777
Winters,TX,31.9576897,-99.9628254
Wolfforth,TX,33.5059189,-102.009057
Woodville,TX,30.7770894,-94.4185051
Woodway,TX,31.5059105,-97.2050856
Wylie,TX,33.0151561,-96.5388038
American Fork,UT,40.3768064,-111.7959146
Beaver,UT,38.2765305,-112.640278
Brigham City,UT,41.5110434,-112.0154991
Castle Dale,UT,39.212192,-111.019613
Cedar City,UT,37.6774238,-113.061827
Clearfield,UT,41.1135837,-112.0244841
Corinne,UT,41.5498576,-112.110716
Draper,UT,40.5247777,-111.8627989
Fillmore,UT,38.9688118,-112.323587
Green River,UT,38.9952294,-110.161725
Gunnison,UT,39.1552391,-111.818258
Helper,UT,39.6841305,-110.854605
Logan,UT,41.7313063,-111.834914
Magna,UT,40.7031629,-112.081648
Moab,UT,38.5738096,-109.546214
Mona,UT,39.8160656,-111.85549
Monticello,UT,37.8750565,-109.3403148
Myton,UT,40.1944043,-110.061816
Nephi,UT,39.7102336,-111.836321
North Salt Lake,UT,40.8485564,-111.906882
Ogden,UT,41.2230048,-111.9738429
Orem,UT,40.2981599,-111.6944313
Park City,UT,40.6460921,-111.4979963
Parowan,UT,37.8421975,-112.8279996
Plymouth,UT,41.8754813,-112.1441223
Richfield,UT,38.7694278,-112.084706
Riverton,UT,40.5179761,-111.9393701
Roosevelt,UT,40.299403,-109.9887605
Saint George,UT,37.1099098,-113.5936572
Salina,UT,38.957742,-111.859984
Salt Lake City,UT,40.7596198,-111.886797
Santaquin,UT,39.9755101,-111.7852106
Scipio,UT,39.2455219,-112.1042955
Snowville,UT,41.9654058,-112.710343
Springville,UT,40.1652447,-111.6114726
Tooele,UT,40.5307776,-112.29828
Tremonton,UT,41.7120775,-112.165779
Vernal,UT,40.4556825,-109.528474
Washington,UT,37.1305373,-113.5082867
Wellington,UT,39.5424659,-110.735434
Wellsville,UT,41.6385432,-111.933834
Wendover,UT,40.7375965,-114.0314197
West Jordan,UT,40.6061337,-111.9395211
Willard,UT,41.4085496,-112.03819
Woods Cross,UT,40.8745737,-111.9017264
Amelia Court House,VA,37.3420146,-77.9809885
Ashland,VA,37.7594012,-77.4806603
Atkins,VA,36.8673392,-81.4234428
Austinville,VA,36.8512342,-80.9120233
Bassett,VA,36.7593037,-79.9903195
Bastian,VA,37.1520626,-81.1500931
Bealeton,VA,38.5827656,-77.7673679
Blairs,VA,36.6798596,-79.3730788
Bland,VA,37.1020628,-81.1162022
Bracey,VA,36.5951779,-78.1390116
Bristol,VA,36.5959685,-82.1885009
Broadway,VA,38.6133035,-78.7993257
Cape Charles,VA,37.2671674,-76.0176986
Chantilly,VA,38.8941543,-77.4311513
Charlottesville,VA,38.029306,-78.4766781
Chesapeake,VA,36.7168315,-76.2494453
Chester,VA,37.3562229,-77.4460583
Chesterfield,VA,37.3777927,-77.5046698
Christiansburg,VA,37.1298517,-80.4089389
Clear Brook,VA,39.2564912,-78.096111
Colonial Heights,VA,37.2555718,-77.4112016
Covington,VA,37.7934528,-79.9939484
Cross Junction,VA,39.3203785,-78.2933382
Culpeper,VA,38.4733823,-77.9961275
Danville,VA,36.5879877,-79.3916713
Disputanta,VA,37.1243164,-77.2258062
Doswell,VA,37.8601402,-77.4641492
Drewryville,VA,36.7157055,-77.3063603
Dublin,VA,37.1046408,-80.6850558
Duffield,VA,36.711763,-82.793294
Elliston,VA,37.2165215,-80.2325427
Emporia,VA,36.6859828,-77.5424808
Fairfax,VA,38.8462236,-77.3063733
Fancy Gap,VA,36.6665212,-80.6918684
Franklin,VA,36.6776507,-76.9224609
Fredericksburg,VA,38.3001159,-77.4571472
Front Royal,VA,38.9179069,-78.1918077
Glade Spring,VA,36.791225,-81.7712324
Gladstone,VA,37.5468094,-78.8494619
Gordonsville,VA,38.1347217,-78.1865043
Gum Spring,VA,37.7755262,-77.8968114
Hampton,VA,37.0264414,-76.3442846
Harrisonburg,VA,38.4493315,-78.8688833
Henrico,VA,37.6294756,-77.5189032
Hillsville,VA,36.7662528,-80.7370242
Hopewell,VA,37.3043154,-77.2872001
Keysville,VA,37.0404287,-78.4833277
King George,VA,38.2663841,-77.1805099
Lambsburg,VA,36.5854078,-80.7611817
Lanexa,VA,37.4237573,-76.9010753
Leesburg,VA,39.1154506,-77.5645607
Lexington,VA,37.7840208,-79.4428157
Lorton,VA,38.7043397,-77.220343
Lynchburg,VA,37.4137536,-79.1422464
Madison Heights,VA,37.4317056,-79.1237392
Manassas,VA,38.7509488,-77.4752667
Martinsville,VA,36.6915262,-79.8725386
Max Meadows,VA,36.97166,-80.9503639
Meadowview,VA,36.7603903,-81.8629019
Midlothian,VA,37.5062673,-77.649268
Montvale,VA,37.3845815,-79.7311483
Mount Crawford,VA,38.3564677,-78.9418566
Mount Jackson,VA,38.7459482,-78.6422377
New Church,VA,37.9790117,-75.5310365
Newport News,VA,36.9775016,-76.42977
Norfolk,VA,36.8493695,-76.2899539
Orange,VA,38.2454106,-78.1108342
Petersburg,VA,37.227928,-77.4019268
Portsmouth,VA,36.8320081,-76.297699
Pound,VA,37.1237146,-82.6012667
Powhatan,VA,37.5420237,-77.9190619
Providence Forge,VA,37.4424264,-77.0439583
Quinton,VA,37.5327893,-77.1154448
Raphine,VA,37.9373548,-79.2328102
Richmond,VA,37.5385087,-77.43428
Ridgeway,VA,36.5768047,-79.8583721
Roanoke,VA,37.270973,-79.9414313
Rockville,VA,37.7259779,-77.6783239
Rocky Mount,VA,36.9962007,-79.8909474
Rosedale,VA,36.9592782,-81.9312351
Ruckersville,VA,38.2331873,-78.369175
Rural Retreat,VA,36.8937299,-81.2759341
Rustburg,VA,37.2768113,-79.1008543
Ruther Glen,VA,37.9408753,-77.4618647
Salem,VA,37.293198,-80.0556773
Sandston,VA,37.5234794,-77.3158118
Skippers,VA,36.6118169,-77.5466463
South Boston,VA,36.6987494,-78.9013987
South Hill,VA,36.7265449,-78.1291308
Springfield,VA,38.7791227,-77.1861196
Staunton,VA,38.1495947,-79.072557
Sterling,VA,39.0017455,-77.4033349
Stony Creek,VA,36.9479277,-77.4008113
Suffolk,VA,36.7281341,-76.5834683
Toms Brook,VA,38.9464989,-78.4391741
Townsend,VA,37.1849815,-75.958473
Troutville,VA,37.4181901,-79.8747687
Troy,VA,37.9509737,-78.2463934
Virginia Beach,VA,36.8496579,-75.9760751
Warfield,VA,36.8957039,-77.8258289
Warrenton,VA,38.7135498,-77.795367
Warsaw,VA,37.9587465,-76.7580211
Waynesboro,VA,38.0686668,-78.8893999
Winchester,VA,39.1852184,-78.1652404
Woodford,VA,38.1131886,-77.4088708
Wytheville,VA,36.9479966,-81.0869747
Alburgh,VT,44.9749903,-73.3012598
Bellows Falls,VT,43.134063,-72.444534
Brattleboro,VT,42.8507588,-72.5572913
Derby,VT,44.9474125,-72.1339323
Fair Haven,VT,43.5947898,-73.2659674
Ferrisburgh,VT,44.2057119,-73.2462973
Montpelier,VT,44.2602244,-72.5750364
Rutland,VT,43.6084792,-72.9724768
Saint Albans,VT,44.8107911,-73.0833607
Saint Johnsbury,VT,44.419494,-72.0156532
Springfield,VT,43.2988213,-72.4817747
Swanton,VT,44.9181593,-73.1242364
Wells River,VT,44.1542997,-72.0471635
Arlington,WA,48.1896827,-122.1288887
Bellingham,WA,48.7544012,-122.478836
Blaine,WA,48.9881108,-122.743575
Castle Rock,WA,46.2739907,-122.904918
Chehalis,WA,46.6599653,-122.963432
Ellensburg,WA,46.9970635,-120.545122
Federal Way,WA,47.313494,-122.33931
Ferndale,WA,48.8466698,-122.589723
George,WA,47.0807166,-119.85709
Granger,WA,46.3417778,-120.1950611
Kalama,WA,46.0085225,-122.84247
Kent,WA,47.3826903,-122.2270272
Longview,WA,46.1377048,-122.934462
Marysville,WA,48.0517429,-122.1768209
Moses Lake,WA,47.1301417,-119.278077
North Bend,WA,47.4957757,-121.784889
Olympia,WA,47.0451022,-122.8950075
Omak,WA,48.4109853,-119.52755
Pasco,WA,46.2306739,-119.0921
Prosser,WA,46.2067583,-119.76916
Ritzville,WA,47.1268749,-118.380847
Rock Island,WA,47.3770731,-120.143952
Seattle,WA,47.6038321,-122.330062
Spokane,WA,47.6571934,-117.42351
Sprague,WA,47.3001584,-117.975506
Sumner,WA,47.2061882,-122.2312383
Sunnyside,WA,46.3246419,-120.0081898
Tacoma,WA,47.2455013,-122.438329
Thorp,WA,47.0680145,-120.672687
Toledo,WA,46.4401007,-122.8467555
Toppenish,WA,46.3775015,-120.308938
Tumwater,WA,47.0080655,-122.910368
Wapato,WA,46.4476278,-120.420338
Wenatchee,WA,47.4234599,-120.310349
Yakima,WA,46.601557,-120.510842
Abbotsford,WI,44.9471087,-90.3194786
Adams,WI,43.9559368,-89.8175453
Altoona,WI,44.8046825,-91.4429355
Amery,WI,45.3125385,-92.3620836
Antigo,WI,45.1404664,-89.1524959
Appleton,WI,44.2613967,-88.4069744
Arcadia,WI,44.2527212,-91.5014893
Ashland,WI,46.5924023,-90.8839474
Baldwin,WI,44.9667546,-92.3732461
Baraboo,WI,43.4704014,-89.7437844
Barneveld,WI,43.0153376,-89.8958792
Barron,WI,45.399912,-91.8511805
Bear Creek,WI,44.5302735,-88.7272437
Beaver Dam,WI,43.4577692,-88.837329
Belgium,WI,43.4997212,-87.850367
Belleville,WI,42.8596864,-89.5346023
Belmont,WI,42.7384162,-90.3341659
Beloit,WI,42.5083272,-89.031784
Berlin,WI,43.9684264,-88.9466233
Big Bend,WI,42.8814034,-88.2067573
Black Earth,WI,43.1390386,-89.7479249
Black River Falls,WI,44.2952152,-90.8484137
Blair,WI,44.2946235,-91.2338433
Bloomer,WI,45.1015011,-91.4887197
Bonduel,WI,44.7399556,-88.4461285
Boscobel,WI,43.1346751,-90.7057398
Brillion,WI,44.1772188,-88.064263
Bristol,WI,42.558908,-88.0492498
Brodhead,WI,42.6197428,-89.376795
Brownsville,WI,43.6163809,-88.4906592
Burlington,WI,42.6801053,-88.276413
Butler,WI,43.1058437,-88.0695338
Cadott,WI,44.9480187,-91.1507031
Cameron,WI,45.4085696,-91.7440591
Camp Douglas,WI,43.9193145,-90.2681006
Cedar Grove,WI,43.5720402,-87.8203105
Chilton,WI,44.028944,-88.1628151
Chippewa Falls,WI,44.9371325,-91.3932118
Clintonville,WI,44.6205348,-88.7623227
Colgate,WI,43.1928301,-88.2067737
Coloma,WI,44.0344373,-89.5223925
Columbus,WI,43.3392616,-89.0157723
Combined Locks,WI,44.2658205,-88.314273
Cottage Grove,WI,43.0704473,-89.1980154
Crivitz,WI,45.2323813,-88.0043302
Cumberland,WI,45.5332856,-92.0214764
Curtiss,WI,44.9537591,-90.4342385
Darien,WI,42.6012747,-88.7077382
Darlington,WI,42.6802288,-90.1178079
De Forest,WI,43.753874,-88.220808
De Pere,WI,44.4493584,-88.0599986
Denmark,WI,44.3479362,-87.8269868
Dodgeville,WI,42.9600059,-90.1304461
Durand,WI,44.6283703,-91.9676627
East Troy,WI,42.7851871,-88.4054374
Eau Claire,WI,44.811349,-91.4984941
Edgar,WI,44.922529,-89.9639464
Edgerton,WI,42.8334758,-89.0693988
Elkhorn,WI,42.6719206,-88.543494
Endeavor,WI,43.7158123,-89.4662326
Fennimore,WI,42.9836218,-90.6555931
Fond Du Lac,WI,43.7748763,-88.4458033
Fort Atkinson,WI,42.9288944,-88.8370509
Fox Lake,WI,43.565543,-88.9064984
Francis Creek,WI,44.199439,-87.7214755
Franksville,WI,42.7600188,-87.9134133
Fremont,WI,44.271989,-88.8505115
Friendship,WI,43.9716638,-89.8161783
Green Bay,WI,44.5126379,-88.0125794
Hartford,WI,43.317744,-88.3788508
Hartland,WI,43.105008,-88.3420398
Hayward,WI,46.0129676,-91.4848728
Hixton,WI,44.3860141,-91.014352
Holmen,WI,43.9632211,-91.2563658
Horicon,WI,43.4513819,-88.6312139
Hortonville,WI,44.3350374,-88.639343
Hudson,WI,44.9750953,-92.7554671
Janesville,WI,42.6829765,-89.0226793
Jefferson,WI,43.0055594,-88.8073273
Johnson Creek,WI,43.0759165,-88.774837
Kaukauna,WI,44.2780432,-88.2720503
Kenosha,WI,42.5846773,-87.8212263
Kewaskum,WI,43.5213798,-88.2278645
Kieler,WI,42.5823073,-90.6018357
La Crosse,WI,43.8122836,-91.2514355
Ladysmith,WI,45.4642517,-91.1008637
Lake Mills,WI,43.0798032,-88.9125723
Larsen,WI,44.1916501,-88.623999
Lena,WI,44.9510985,-88.0469998
Little Chute,WI,44.2799872,-88.3184394
Lomira,WI,43.591382,-88.443713
Luxemburg,WI,44.5383513,-87.7036636
Lyndon Station,WI,43.7117126,-89.9004665
Madison,WI,43.07469,-89.3841663
Manitowoc,WI,44.0886059,-87.6575841
Maribel,WI,44.276383,-87.8073129
Marinette,WI,45.0999594,-87.6307265
Marshall,WI,43.1677006,-89.0643334
Marshfield,WI,44.6662287,-90.1740313
Mauston,WI,43.7968543,-90.0756767
Medford,WI,45.1391437,-90.3460806
Menasha,WI,44.2022293,-88.4465361
Menomonie,WI,44.8765289,-91.9278716
Merrill,WI,45.180522,-89.683459
Middleton,WI,43.0962919,-89.5119565
Milton,WI,42.7753567,-88.9390017
Milwaukee,WI,43.0386475,-87.9090751
Mondovi,WI,44.5678717,-91.6706955
Monroe,WI,42.6018298,-89.6392396
Mount Horeb,WI,43.0086183,-89.7384557
Mukwonago,WI,42.8666803,-88.3334274
Necedah,WI,44.0254284,-90.07213
Neenah,WI,44.1858193,-88.462609
Neillsville,WI,44.5604073,-90.5962609
New Berlin,WI,42.9762181,-88.1084968
New Holstein,WI,43.9499924,-88.0842643
New Lisbon,WI,43.8796288,-90.1662033
New London,WI,44.3927581,-88.7398255
New Richmond,WI,45.1227287,-92.537502
Oak Creek,WI,42.898729,-87.9177966
Oakdale,WI,43.9598443,-90.3804024
Omro,WI,44.0394988,-88.7442754
Onalaska,WI,43.8830606,-91.2343539
Oostburg,WI,43.6231131,-87.7983447
Osceola,WI,45.3211518,-92.7054903
Oshkosh,WI,44.0206919,-88.5408574
Osseo,WI,44.5772777,-91.2228203
Park Falls,WI,45.9338249,-90.4517454
Peshtigo,WI,44.8644309,-87.7190683
Pewaukee,WI,43.0846017,-88.2139452
Phillips,WI,45.6900818,-90.3971021
Plainfield,WI,44.2138646,-89.4923422
Platteville,WI,42.7342942,-90.4784451
Plover,WI,44.4563579,-89.544007
Plymouth,WI,43.7486054,-87.977038
Portage,WI,43.539494,-89.461334
Poynette,WI,43.3912031,-89.402862
Prairie Du Chien,WI,43.05194,-91.1409933
Prairie Du Sac,WI,43.2773819,-89.7882794
Prentice,WI,45.5459408,-90.2875802
Pulaski,WI,44.6722158,-88.2426026
Redgranite,WI,44.0434143,-89.1008881
Reedsburg,WI,43.5325234,-90.0080595
Rhinelander,WI,45.636623,-89.412075
Rice Lake,WI,45.5027926,-91.733423
Richfield,WI,43.256116,-88.1939819
Richland Center,WI,43.3355298,-90.3854141
Ripon,WI,43.8442406,-88.8387158
River Falls,WI,44.8596498,-92.6255048
Roberts,WI,44.9838558,-92.5560301
Saint Croix Falls,WI,45.4104918,-92.6445824
Saukville,WI,43.3811281,-87.9404718
Schofield,WI,44.9096907,-89.6045659
Seymour,WI,44.5429082,-88.312718
Sheboygan,WI,43.7508284,-87.71453
Sheboygan Falls,WI,43.7288923,-87.8114097
Shullsburg,WI,42.5724982,-90.2326817
Somerset,WI,45.124894,-92.6730433
Sparta,WI,43.9732475,-90.8516564
Spencer,WI,44.7574876,-90.2987071
Spooner,WI,45.8267729,-91.8882375
Stanley,WI,44.9601286,-90.9375004
Stevens Point,WI,44.5234467,-89.5844457
Sturgeon Bay,WI,44.8341639,-87.377042
Sturtevant,WI,42.6980749,-87.8945229
Suamico,WI,44.632044,-88.039342
Superior,WI,46.7207737,-92.1040796
Sussex,WI,43.1339001,-88.2220372
Thorp,WI,44.9610863,-90.8003205
Tomah,WI,43.978576,-90.5040214
Trego,WI,45.9016772,-91.8249769
Turtle Lake,WI,45.3938003,-92.1423009
Two Rivers,WI,44.149206,-87.5682149
Verona,WI,42.9905492,-89.5335575
Viroqua,WI,43.5569174,-90.8887413
Watertown,WI,43.194335,-88.7241822
Waukesha,WI,43.0115598,-88.2316352
Waupaca,WI,44.3580348,-89.0859464
Waupun,WI,43.633216,-88.7296352
Wausau,WI,44.9597858,-89.6272791
West Bend,WI,43.4252776,-88.1834277
West Salem,WI,43.8980198,-91.0813561
Whitewater,WI,42.8339562,-88.7306517
Wilson,WI,44.9534314,-92.173789
Windsor,WI,43.2165866,-89.3402046
Winneconne,WI,44.1109462,-88.7136515
Wisconsin Dells,WI,43.6256168,-89.7715646
Wisconsin Rapids,WI,44.3917589,-89.8228767
Wittenberg,WI,44.8088255,-89.1634511
Wonewoc,WI,43.6538377,-90.2231545
Woodruff,WI,45.8590476,-89.6117528
Beckley,WV,37.7781702,-81.1881557
Bruceton Mills,WV,39.6589554,-79.6396445
Buckhannon,WV,38.9939426,-80.2322698
Charleston,WV,38.3505995,-81.6332812
Chester,WV,40.6131203,-80.5628478
Elkins,WV,38.925927,-79.8466552
Ellenboro,WV,39.2645232,-81.0562217
Fairmont,WV,39.484898,-80.1426539
Falling Waters,WV,39.5592639,-77.8908301
Gassaway,WV,38.6732278,-80.7746622
Huntington,WV,38.4192496,-82.445154
Hurricane,WV,38.4325896,-82.0201368
Inwood,WV,39.3579068,-78.040009
Ivydale,WV,38.310097,-81.7045688
Jane Lew,WV,39.1098747,-80.4067987
Kearneysville,WV,39.3881556,-77.8855516
Martinsburg,WV,39.4562528,-77.9639604
Mineral Wells,WV,39.1904082,-81.5320773
Moorefield,WV,39.0623301,-78.9694723
Morgantown,WV,39.6296809,-79.9559437
Mount Nebo,WV,39.6023047,-79.7078303
New Martinsville,WV,39.643573,-80.8636301
Nitro,WV,38.4220757,-81.8405972
Parkersburg,WV,39.2667309,-81.5620755
Richwood,WV,38.2248367,-80.5331411
Ripley,WV,38.8189684,-81.711885
Sutton,WV,38.6641653,-80.7093066
Teays,WV,38.4417571,-81.9529125
Valley Grove,WV,40.0875732,-80.5703508
West Union,WV,39.2965049,-80.7771097
Alpine,WY,43.1636455,-111.0178761
Buffalo,WY,44.3480865,-106.699287
Burns,WY,41.1918159,-104.358907
Casper,WY,42.8501191,-106.325138
Cheyenne,WY,41.139981,-104.820246
Cokeville,WY,42.0848242,-110.9566093
Douglas,WY,42.7595708,-105.382624
Evanston,WY,41.2682462,-110.963758
Evansville,WY,42.861429,-106.269533
Fort Bridger,WY,41.3168326,-110.384961
Gillette,WY,44.290635,-105.501876
Green River,WY,41.5290933,-109.466473
Laramie,WY,41.3116442,-105.5917876
Little America,WY,41.5443686,-109.8581261
Lovell,WY,44.8376366,-108.3935565
Lusk,WY,42.762467,-104.452175
Lyman,WY,41.327367,-110.292835
Midwest,WY,43.411391,-106.280075
Mills,WY,42.841927,-106.367935
Moorcroft,WY,44.263315,-104.950252
Newcastle,WY,43.8547459,-104.2051256
Pine Bluffs,WY,41.179678,-104.0667789
Rawlins,WY,41.7907878,-107.239176
Riverton,WY,43.0247245,-108.380727
Rock Springs,WY,41.5860557,-109.2194544
Sheridan,WY,44.797194,-106.956179
Sinclair,WY,41.7791754,-107.1162507
Thayne,WY,42.9208143,-111.002469
Thermopolis,WY,43.646067,-108.212043
Torrington,WY,42.062465,-104.184394
Wamsutter,WY,41.672931,-107.979217
Wheatland,WY,42.054424,-104.952726
Worland,WY,44.0168463,-107.955772
Wright,WY,43.751281,-105.484825
